generation,best,average,opening;;;;;;;;;;;;;;;;;;;;
c_28,7.900499999999999|7.900499999999999|7.875|7.8255|7.80125|7.8|7.75|7.7|7.651|7.650499999999999|7.6255|7.625|7.60125|7.575|7.525499999999999|7.4014999999999995|7.3255|7.2|7.1754999999999995|7.0504999999999995,11.40195875,6751;2785;2727|6351;2776;2827|6451;2732;2857|6351;2776;2828|6351;2776;2828|6351;2776;2867|6351;2755;1847|6351;6776;2886|6351;2776;1868|6351;2786;2828|6351;2776;2726|6351;2716;1727|6351;2776;1828|6351;2776;2868|6351;2775;2828|6351;2736;2828|6351;2776;1827|6351;2776;2868|6351;2776;2828|6351;2775;1828

5,7.350499999999999,12.4783125,6351;1745;3848
10,7.3,11.642863749999997,6351;2775;1726
15,7.375,11.472062500000002,6351;6776;6787
20,6.975,10.98529000000001,6351;2776;2868
25,7.275,11.213190000000004,6351;2776;2868