generation,best,average,opening
c_5,9.252|9.052999999999999|9.003|9.001|8.9015|8.7515|8.551499999999999|8.152000000000001|8.0|7.5,12.234479999999994,4356;6225;6236|2356;6446;6636|2356;6336;6738|2356;6446;6638|2356;2416;6218|2356;6446;6838|2356;6718;5733|2356;6416;5458|2356;2418;5427|2356;6846;6634

0,10.7585,17.70806,8343;7417;3418
5,7.5,12.234479999999994,2356;6846;6634
