generation,best,average,opening
c_39,8.65|8.302|8.25|8.05|7.701499999999999|7.7|7.55|7.45|7.25|7.0,13.290329999999999,2756;6446;8836|2756;6445;8638|2756;6435;2635|2756;6445;8616|2756;6446;8616|2756;6846;8418|2756;8446;8638|2756;6446;8616|2756;6445;8618|2756;6445;8618

0,10.7585,17.70806,8343;7417;3418
5,7.5,12.234479999999994,2356;6846;6634

10,7.8,12.448145000000006,2356;6428;5858
15,7.6,12.149490000000004,2356;2246;8238
20,6.6,13.816614999999995,2756;8446;8638
25,6.35,13.794554999999994,2756;8446;8638
30,7.2,13.492975000000008,2756;6446;8838
35,7.45,14.606745,2756;6446;8838