generation,best,average,opening
c_1,12.333333333333332,23.731666666666666,1853;1761;1761
1,12,28.5,1234;1234
5,7,18.5,1234;5671
10,6,13.5,1234;5678