generation,best,average,opening
c_12,9.102|9.0505|8.852|8.851|8.7515|8.652999999999999|8.452|8.2|8.0|7.4510000000000005,12.443174999999997,2356;6446;8638|2356;6445;5215|2756;4446;4238|2356;6446;8678|2756;4246;1648|2356;6446;8638|2356;8246;8628|2356;6445;5215|2356;6446;6217|2356;6446;8638

0,10.7585,17.70806,8343;7417;3418
5,7.5,12.234479999999994,2356;6846;6634

10,7.8,12.448145000000006,2356;6428;5858