generation,best,average,opening
c_10,8.2|8.1|8.0|7.9|7.6|7.5|7.4|7.4|7.2|7.2,15.885019999999997,8837;4883;7887|8835;3847;7211|8835;3447;7651|8835;4437;7275|8835;3843;7681|8845;3626;1623|8835;3847;7625|8835;3485;7455|8835;3445;3255|8845;3628;1213

0,11.104000000000001,24.771619999999995,8633;8533;8533
5,7.8,15.67109,8835;3842;3234
10,7.2,15.885019999999997,8845;3628;1213