generation,best,average,opening
c_17,13.01|12.75|12.46|12.12|12.05|11.26|10.86|10.46|10.05|9.25,17.96,6854;7837;4347|5218;6474;6454|2652;3685;3546|2652;7642;7831|2654;3643;4547|6654;8633;8637|6654;8633;8637|2654;2871;6882|5218;5658;1667|6654;7633;6633
5,9.903500000000001,17.818695,7782;4385;4147
10,9.2015,17.203575,6654;7633;6633
15,8.4515,16.957655,6654;8633;8637