generation,best,average,opening;;;;;;;;;;;;;;;;;;;;
c_8,8.67675|8.67625|8.6505|8.552|8.52675|8.502|8.4505|8.376|8.32625|8.302|8.301499999999999|8.276|8.25|8.202|7.776|7.6255|7.600499999999999|7.55|7.475|7.3,11.438672499999997,6351;2886;4748|6351;6778;6834|6351;6782;2726|6375;5728;5487|6351;2772;2817|6351;2756;2867|6351;2736;1823|6351;2776;2825|6751;5728;1465|6351;5786;1326|6351;2776;2823|6351;2776;2727|6351;6786;2722|6351;5886;1842|6351;5786;1745|6351;2736;2723|6351;5775;5741|6351;6886;2748|6351;6886;2744|2351;3552;1664

5,7.350499999999999,12.4783125,6351;1745;3848