generation,best,average,opening
c_21,8.6|8.6|8.4|8.4|8.3|8.2|8.2|7.8|7.6|6.6,15.726349999999998,8835;3847;3826|8835;3837;7841|8835;3843;7841|8835;3837;7741|8835;3847;7625|8835;7817;7711|8835;7847;7826|8835;3847;3625|8835;3843;7844|8835;3827;3616

0,11.104000000000001,24.771619999999995,8633;8533;8533
5,7.8,15.67109,8835;3842;3234
10,7.2,15.885019999999997,8845;3628;1213
15,7.1,16.61970000000001,8835;7838;7832
20,6.9,16.7517,8835;7847;7826