generation,best,average,opening
c_11,8.7005|8.5525|8.4|8.351|8.201|8.001|7.851|7.751|7.75|7.55,12.450940000000001,2356;6246;8638|2756;4446;8248|2356;6428;6858|2356;6446;6617|2356;8446;8638|2356;6445;5237|2356;8246;8618|6356;6448;6818|2356;2446;8638|2356;6446;8638

0,10.7585,17.70806,8343;7417;3418
5,7.5,12.234479999999994,2356;6846;6634

10,7.8,12.448145000000006,2356;6428;5858