generation,best,average,opening
c_16,12.46|12.17|11.81|11.41|11.4|11.2|11.15|9.95|9.8|9.5,17.77,2652;7642;7841|5218;5658;3667|2654;3643;4533|2652;3645;3536|6654;5633;6533|2654;5634;6648|6854;7837;4347|6654;8633;8637|2652;3645;4737|2654;2881;6862
5,9.903500000000001,17.818695,7782;4385;4147
10,9.2015,17.203575,6654;7633;6633
15,8.4515,16.957655,6654;8633;8637