generation,best,average,opening
c_6,9.152999999999999|8.802|8.7515|8.7515|8.65|8.601|8.251|8.2025|7.6|6.85,12.136115,2356;2416;1418|2358;2845;6237|2356;6218;1647|2356;2418;1867|2356;6718;5718|2356;2446;6638|2356;6318;6711|2356;6416;5418|6356;6448;1877|2356;6446;6878

0,10.7585,17.70806,8343;7417;3418
5,7.5,12.234479999999994,2356;6846;6634
