generation,best,average,opening;;;;;;;;;;;;;;;;;;;;
c_47,8.0|7.975|7.95|7.85|7.825|7.7505|7.725|7.650499999999999|7.625|7.625|7.600499999999999|7.5504999999999995|7.45|7.4|7.375|7.375|7.3|7.175|7.075|6.9,11.660144999999998,6355;2776;2848|6351;2776;2848|6355;2775;4848|6755;2785;4846|6155;2375;2886|6755;2786;4748|6355;2775;4846|6351;6776;2888|6355;2776;2848|6351;2775;2826|6355;1775;2848|6311;6577;2887|6355;2775;4848|6351;2775;2848|6355;2776;2848|6355;2875;4446|6351;2776;2828|6351;2785;1846|6351;2776;2866|6355;2775;4848

5,7.350499999999999,12.4783125,6351;1745;3848
10,7.3,11.642863749999997,6351;2775;1726
15,7.375,11.472062500000002,6351;6776;6787
20,6.975,10.98529000000001,6351;2776;2868
25,7.275,11.213190000000004,6351;2776;2868
30,7.3,11.116542500000003,6351;2776;1828
35,6.725,11.156136250000001,6351;2776;2828
40,6.675,10.639853749999995,6351;2375;1748
45,6.725,11.4149825,6355;2775;2846