generation,best,average,opening
c_13,9.05|9.0|8.9|8.85|8.8|8.71|8.55|8.1|7.85|7.35,13.95,2656;4571;6145|2656;3171;5145|2658;3675;6145|2656;1281;5214|2656;3671;3231|2656;3631;1231|2656;4171;5521|2858;4676;2235|2656;3231;1431|2858;3676;5245
5,9.903500000000001,17.818695,7782;4385;4147
10,9.2015,17.203575,6654;7633;6633
15,8.4515,16.957655,6654;8633;8637
20,8.652999999999999,17.80115,2654;1872;5881
25,10.204,18.129135,2654;1872;5672
30,9.2005,18.233975,6654;8634;7637
35,8.85,18.421185,4854;8434;8832
5,8.705,15.830284999999998,2656;3631;5241
10,7.3,14.791445,2858;3676;5245