generation,best,average,opening
c_5,10.9|10.6|10.5|10.3|10.15|9.95|9.65|9.45|9.05|8.71,15.83,2616;4438;3856|7118;7748;3546|7118;7178;7174|2616;4245;8635|2656;4531;2335|8118;7578;3574|2858;3676;5245|2656;3571;5181|2616;4331;4238|2656;3631;5241
5,9.903500000000001,17.818695,7782;4385;4147
10,9.2015,17.203575,6654;7633;6633
15,8.4515,16.957655,6654;8633;8637
20,8.652999999999999,17.80115,2654;1872;5881
25,10.204,18.129135,2654;1872;5672
30,9.2005,18.233975,6654;8634;7637
35,8.85,18.421185,4854;8434;8832