generation,best,average,opening
c_32,11.21|11.2|10.76|10.65|10.5|10.35|10.15|9.3|9.26|8.4,18.06,6653;8633;8633|6653;8633;6237|6653;8634;7233|6654;8633;7637|6653;8833;5437|6653;8634;7233|4854;8434;8832|2654;5772;5572|6653;8634;8234|6654;6637;8517
5,9.903500000000001,17.818695,7782;4385;4147
10,9.2015,17.203575,6654;7633;6633
15,8.4515,16.957655,6654;8633;8637
20,8.652999999999999,17.80115,2654;1872;5881
25,10.204,18.129135,2654;1872;5672
30,9.2005,18.233975,6654;8634;7637