generation,best,average,opening
c_6,13.16|12.91|11.86|11.65|11.36|10.86|10.8|10.66|10.55|10.2,17.72,8782;4385;4383|2654;1844;6838|1342;1322;6368|8782;8365;4181|7782;4385;4147|3752;4333;8352|2652;3673;1688|5218;5658;1667|2612;2637;7736|2654;1633;2637
5,9.903500000000001,17.818695,7782;4385;4147