generation,best,average,opening
c_27,11.7|11.66|10.9|10.6|10.55|10.5|9.95|9.75|9.15|9.1,18.57,2674;6882;6874|6853;8834;8833|2674;6872;6872|6653;8634;7438|6653;8633;8217|2674;1871;5761|6654;8633;6657|6653;8633;5237|2654;5772;5572|6654;8634;7638
5,9.903500000000001,17.818695,7782;4385;4147
10,9.2015,17.203575,6654;7633;6633
15,8.4515,16.957655,6654;8633;8637
20,8.652999999999999,17.80115,2654;1872;5881
25,10.204,18.129135,2654;1872;5672