generation,best,average,opening
c_40,8.3|8.203|7.8|7.8|7.6|7.5|7.5|7.4|6.8|6.3,17.215649999999997,8835;7847;5625|8835;1847;5625|8835;7847;3865|8835;7847;3867|8835;3847;5625|8835;7847;7667|8835;7847;5625|8835;1847;5645|8835;7847;3867|8835;1847;5625

0,11.104000000000001,24.771619999999995,8633;8533;8533
5,7.8,15.67109,8835;3842;3234
10,7.2,15.885019999999997,8845;3628;1213
15,7.1,16.61970000000001,8835;7838;7832
20,6.9,16.7517,8835;7847;7826
25,7.1,16.806520000000006,8835;3847;7811
30,6.5,15.425109999999997,8835;7867;7825
35,6.8,15.21524,8835;7845;3665