generation,best,average,opening
c_32,8.802999999999999|8.7525|8.451|8.402000000000001|8.352|8.301|8.2025|8.101|7.45|6.9,13.579729999999998,4756;8446;8278|2756;6245;8216|2756;8445;8616|2756;8446;8418|2756;8445;8616|2756;6445;8616|2756;6446;8838|2756;8445;8616|2756;6446;8638|2756;6445;8216

0,10.7585,17.70806,8343;7417;3418
5,7.5,12.234479999999994,2356;6846;6634

10,7.8,12.448145000000006,2356;6428;5858
15,7.6,12.149490000000004,2356;2246;8238
20,6.6,13.816614999999995,2756;8446;8638
25,6.35,13.794554999999994,2756;8446;8638
30,7.2,13.492975000000008,2756;6446;8838