generation,best,average,opening;;;;;;;;;;;;;;;;;;;;
c_43,7.851|7.825|7.8004999999999995|7.775499999999999|7.75|7.725499999999999|7.7010000000000005|7.7005|7.7005|7.7|7.625|7.600499999999999|7.550750000000001|7.525|7.400499999999999|7.4|7.25|7.075|7.075|7.025,10.782567499999997,6355;2787;1747|6351;2775;2868|6351;2775;2828|6351;1375;1748|6351;2776;2848|6351;2775;1868|6351;2356;2788|6351;2775;1828|6351;2776;2866|6351;2775;1828|6351;2875;2844|6351;2756;2887|6351;2776;6828|6351;2775;2848|6351;2776;2866|6355;2787;2727|6355;2775;2848|6351;2776;2848|6351;2776;2888|6351;2776;1828

5,7.350499999999999,12.4783125,6351;1745;3848
10,7.3,11.642863749999997,6351;2775;1726
15,7.375,11.472062500000002,6351;6776;6787
20,6.975,10.98529000000001,6351;2776;2868
25,7.275,11.213190000000004,6351;2776;2868
30,7.3,11.116542500000003,6351;2776;1828
35,6.725,11.156136250000001,6351;2776;2828
40,6.675,10.639853749999995,6351;2375;1748