generation,best,average,opening;;;;;;;;;;;;;;;;;;;;
c_20,8.1|8.0755|8.05|8.025|7.975499999999999|7.901|7.9|7.9|7.8767499999999995|7.850499999999999|7.800750000000001|7.776|7.575|7.575|7.55|7.4254999999999995|7.375|7.375|7.175|6.975,10.98529000000001,6351;2778;2887|6351;2776;2821|6351;2776;2847|6351;2736;1821|6351;2776;2423|6351;2776;2828|6351;2775;1723|6351;2775;2818|6351;2775;2745|6351;2788;2827|6351;2776;2745|6351;2776;2821|6351;2775;1768|6351;2775;2725|6351;2775;1828|6351;2776;2828|6351;2775;1724|6351;2786;1828|6351;2776;2728|6351;2776;2868

5,7.350499999999999,12.4783125,6351;1745;3848
10,7.3,11.642863749999997,6351;2775;1726
15,7.375,11.472062500000002,6351;6776;6787
20,6.975,10.98529000000001,6351;2776;2868