generation,best,average,opening
c_4,9.601|9.552|9.401|9.351|9.302|9.051|7.751|7.75|7.65|7.2,14.465195000000005,3254;8366;2126|3254;7458;6416|3254;8258;6338|3254;8366;2726|3254;7466;5266|3254;3478;1226|3454;1688;1686|3454;2668;1584|3454;1666;1586|3254;3487;1681

0,11.104000000000001,24.771619999999995,8633;8533;8533
5,7.8,15.67109,8835;3842;3234
10,7.2,15.885019999999997,8845;3628;1213
15,7.1,16.61970000000001,8835;7838;7832
20,6.9,16.7517,8835;7847;7826
25,7.1,16.806520000000006,8835;3847;7811
30,6.5,15.425109999999997,8835;7867;7825
35,6.8,15.21524,8835;7845;3665
0,11.3045,26.25875,1615;1617;5615