generation,best,average,opening
c_20,12.4|12.0|11.86|11.72|11.46|11.21|10.7|10.25|9.9|8.65,17.8,6652;7534;6711|6654;8633;8637|2652;3685;3546|6654;8647;8748|6654;8643;8837|5218;5658;1667|2654;2881;6852|2654;2882;6862|6654;8633;8637|2654;1872;5881
5,9.903500000000001,17.818695,7782;4385;4147
10,9.2015,17.203575,6654;7633;6633
15,8.4515,16.957655,6654;8633;8637
20,8.652999999999999,17.80115,2654;1872;5881