generation,best,average,opening
c_35,12.1|11.95|11.06|10.55|10.55|10.51|10.25|10.11|9.7|8.85,18.42,6653;8633;1237|6654;8634;8638|5654;6633;8513|6653;4232;7213|6653;8634;8234|6653;8633;5237|6654;6637;8518|6654;8634;7637|4854;8434;8832|4854;8434;8832
5,9.903500000000001,17.818695,7782;4385;4147
10,9.2015,17.203575,6654;7633;6633
15,8.4515,16.957655,6654;8633;8637
20,8.652999999999999,17.80115,2654;1872;5881
25,10.204,18.129135,2654;1872;5672
30,9.2005,18.233975,6654;8634;7637
35,8.85,18.421185,4854;8434;8832