generation,best,average,opening
c_11,9.1|9.0|9.0|8.7|8.4|8.4|8.2|8.1|8.0|7.1,16.568369999999994,8835;3847;7211|8835;3485;7455|8845;3826;1424|8835;4843;4883|8815;1843;7681|8835;4437;3275|8835;3847;7625|8835;3843;7621|8837;4883;3887|8845;3626;1623

0,11.104000000000001,24.771619999999995,8633;8533;8533
5,7.8,15.67109,8835;3842;3234
10,7.2,15.885019999999997,8845;3628;1213