generation,best,average,opening
c_33,9.152000000000001|8.8535|8.851|8.802|8.702|8.652000000000001|8.4025|7.9525|7.45|7.15,14.386870000000004,2756;6445;8215|2756;6448;8638|2756;8445;8616|2756;8445;8218|2756;8445;8616|2756;8445;8616|2756;8445;8616|2756;6446;8838|2756;8435;5816|2756;6445;8616

0,10.7585,17.70806,8343;7417;3418
5,7.5,12.234479999999994,2356;6846;6634

10,7.8,12.448145000000006,2356;6428;5858
15,7.6,12.149490000000004,2356;2246;8238
20,6.6,13.816614999999995,2756;8446;8638
25,6.35,13.794554999999994,2756;8446;8638
30,7.2,13.492975000000008,2756;6446;8838