generation,best,average,opening;;;;;;;;;;;;;;;;;;;;
c_19,8.051|8.002|8.0|7.95225|7.92525|7.876|7.8755|7.8755|7.85125|7.85|7.6|7.55|7.52575|7.525499999999999|7.3755|7.15|7.075|7.0504999999999995|7.05|7.05,10.633398750000003,6351;6776;2748|6351;2776;2823|6351;2785;1727|6351;2786;2828|6351;2736;1825|6351;2776;2828|6351;2776;2821|6351;2776;2828|6351;2785;1727|6351;2776;2823|6351;2776;2728|6351;2775;2726|6351;2775;1723|6351;2776;2868|6351;2775;1828|6351;2775;1766|6351;2735;2724|6351;2776;2823|6351;2776;2825|6351;2776;2821

5,7.350499999999999,12.4783125,6351;1745;3848
10,7.3,11.642863749999997,6351;2775;1726
15,7.375,11.472062500000002,6351;6776;6787