generation,best,average,opening;;;;;;;;;;;;;;;;;;;;
c_37,7.975499999999999|7.95125|7.926|7.9254999999999995|7.900499999999999|7.900499999999999|7.9|7.8004999999999995|7.77525|7.775|7.72625|7.55025|7.55025|7.525|7.501|7.5005|7.5|7.325|7.22525|7.175,11.34850625,6351;2775;1888|6351;2876;1848|6311;6756;2887|6351;2775;1848|6351;2776;1828|6351;2775;2738|6355;2887;2448|6351;2775;2868|6351;6776;2888|6351;2775;2888|6351;2776;2828|6351;2775;1868|6311;6786;1883|6351;2775;2847|6351;2775;1828|6351;2775;1828|6351;2776;2828|6351;2776;1868|6351;2776;2866|6351;2786;2868

5,7.350499999999999,12.4783125,6351;1745;3848
10,7.3,11.642863749999997,6351;2775;1726
15,7.375,11.472062500000002,6351;6776;6787
20,6.975,10.98529000000001,6351;2776;2868
25,7.275,11.213190000000004,6351;2776;2868
30,7.3,11.116542500000003,6351;2776;1828
35,6.725,11.156136250000001,6351;2776;2828