generation,best,average,opening;;;;;;;;;;;;;;;;;;;;
c_26,7.9254999999999995|7.875|7.8515|7.851|7.85025|7.85|7.8255|7.776|7.775|7.75|7.725499999999999|7.625|7.5755|7.5504999999999995|7.55|7.5005|7.375|7.32575|7.0504999999999995|6.975,11.18051875,6351;2786;2828|6351;2785;1847|6351;2786;2828|6351;2738;2827|6351;6776;2888|6351;2786;2828|6351;2776;2828|6351;2738;1827|6351;2776;2868|6351;2738;1827|6351;2776;2828|6351;2776;2867|6351;2776;2827|6351;2776;2868|6351;2776;1828|6351;2776;2824|6351;2786;1828|6351;2786;2828|6351;2776;2828|6351;2775;1728

5,7.350499999999999,12.4783125,6351;1745;3848
10,7.3,11.642863749999997,6351;2775;1726
15,7.375,11.472062500000002,6351;6776;6787
20,6.975,10.98529000000001,6351;2776;2868
25,7.275,11.213190000000004,6351;2776;2868