generation,best,average,opening
c_25,8.9|8.5|8.3|8.1|8.1|8.1|7.9|7.9|7.2|7.1,16.806520000000006,8835;1883;5842|8835;7847;7825|8835;7847;7625|8835;5887;5675|8835;7833;3831|8835;7827;7825|8835;7847;3825|8835;3817;7815|8835;3843;7841|8835;3847;7811

0,11.104000000000001,24.771619999999995,8633;8533;8533
5,7.8,15.67109,8835;3842;3234
10,7.2,15.885019999999997,8845;3628;1213
15,7.1,16.61970000000001,8835;7838;7832
20,6.9,16.7517,8835;7847;7826
25,7.1,16.806520000000006,8835;3847;7811