generation,best,average,opening
c_7,10.35|10.3|10.1|9.65|9.6|9.5|9.05|8.7|8.7|8.65,15.21,2616;4346;3252|2616;2241;6637|2616;4235;4637|2656;7671;7142|6656;8672;6242|2656;4571;2341|2656;3531;5141|2858;3676;1245|2656;1671;2435|2656;3571;5281
5,9.903500000000001,17.818695,7782;4385;4147
10,9.2015,17.203575,6654;7633;6633
15,8.4515,16.957655,6654;8633;8637
20,8.652999999999999,17.80115,2654;1872;5881
25,10.204,18.129135,2654;1872;5672
30,9.2005,18.233975,6654;8634;7637
35,8.85,18.421185,4854;8434;8832
5,8.705,15.830284999999998,2656;3631;5241