generation,best,average,opening
c_23,8.4|7.7|7.6|7.5|7.4|7.4|7.0|7.0|7.0|6.8,15.01221,8835;7887;3625|8835;7827;7617|8835;7847;7846|8835;3847;3645|8835;7847;5825|8835;7843;7721|8835;3883;7845|8835;3883;7841|8835;7827;7816|8835;3887;3865

0,11.104000000000001,24.771619999999995,8633;8533;8533
5,7.8,15.67109,8835;3842;3234
10,7.2,15.885019999999997,8845;3628;1213
15,7.1,16.61970000000001,8835;7838;7832
20,6.9,16.7517,8835;7847;7826