generation,best,average,opening;;;;;;;;;;;;;;;;;;;;
c_34,7.75|7.7010000000000005|7.7010000000000005|7.675|7.675|7.675|7.675|7.5515|7.5|7.45|7.425|7.4|7.3755|7.15|7.100499999999999|7.075|7.025499999999999|7.0005|6.975|6.75,10.9783725,6351;2776;1827|6351;2775;3828|6351;2775;1828|6351;2775;2827|6351;2775;2748|6351;2776;2868|8351;4772;2846|6351;2775;2848|6351;2776;1827|6151;1475;1837|6351;2775;1726|6351;2776;2828|6355;2776;2865|6351;2776;2823|6351;2775;2828|6351;2736;2727|6351;2776;2828|6351;2776;2868|6351;2775;2828|6351;2776;1828

5,7.350499999999999,12.4783125,6351;1745;3848
10,7.3,11.642863749999997,6351;2775;1726
15,7.375,11.472062500000002,6351;6776;6787
20,6.975,10.98529000000001,6351;2776;2868
25,7.275,11.213190000000004,6351;2776;2868
30,7.3,11.116542500000003,6351;2776;1828