generation,best,average,opening
c_32,9.101|8.903500000000001|8.701|8.403500000000001|8.402000000000001|8.251|8.251|8.001|7.85|7.35,13.645545000000004,2756;6446;8838|2756;6446;8838|2756;6445;8215|2756;8445;8616|2756;6445;8616|2756;6446;8618|2756;8435;5816|2556;8445;8616|2756;8446;8838|2756;8445;8616

0,10.7585,17.70806,8343;7417;3418
5,7.5,12.234479999999994,2356;6846;6634

10,7.8,12.448145000000006,2356;6428;5858
15,7.6,12.149490000000004,2356;2246;8238
20,6.6,13.816614999999995,2756;8446;8638
25,6.35,13.794554999999994,2756;8446;8638
30,7.2,13.492975000000008,2756;6446;8838