generation,best,average,opening
c_13,11.7|11.56|10.8|10.6|10.4|10.36|10.2|9.7|9.1|9.0,16.53,5218;5658;3667|4583;3263;3473|2654;5633;6533|2612;2637;7736|2654;2834;6334|2652;5685;5745|2654;6843;6834|6654;7633;6631|2654;1833;1734|2654;1643;8537
5,9.903500000000001,17.818695,7782;4385;4147
10,9.2015,17.203575,6654;7633;6633