generation,best,average,opening
c_27,8.7|8.7|8.3|8.1|8.0|7.9|7.6|7.3|7.1|6.9,15.485240000000003,8835;7825;3625|8835;7847;7625|8835;3827;5625|8835;3843;7841|8835;3847;7825|8835;7847;3625|8835;3867;7885|8835;7847;3625|8835;7827;7615|8835;7847;7645

0,11.104000000000001,24.771619999999995,8633;8533;8533
5,7.8,15.67109,8835;3842;3234
10,7.2,15.885019999999997,8845;3628;1213
15,7.1,16.61970000000001,8835;7838;7832
20,6.9,16.7517,8835;7847;7826
25,7.1,16.806520000000006,8835;3847;7811