generation,best,average,opening
c_14,9.1|8.6|8.5|8.3|8.3|8.1|8.1|7.9|7.7|7.1,18.414609999999993,8815;4817;7817|8835;3847;7845|8835;7847;7825|8837;4827;5867|8835;3847;7625|8836;3846;7816|8835;3847;7885|8835;3847;7846|8835;7847;7821|8835;3847;7827

0,11.104000000000001,24.771619999999995,8633;8533;8533
5,7.8,15.67109,8835;3842;3234
10,7.2,15.885019999999997,8845;3628;1213