generation,best,average,opening
c_30,11.87|11.85|11.51|10.91|10.6|9.75|9.65|9.5|9.4|9.2,18.23,4654;8234;6632|6674;8533;8534|6653;8634;8637|6653;8634;7233|2674;1872;5781|2654;5772;5572|6654;6637;8517|6653;8633;5237|6653;8634;7233|6654;8634;7637
5,9.903500000000001,17.818695,7782;4385;4147
10,9.2015,17.203575,6654;7633;6633
15,8.4515,16.957655,6654;8633;8637
20,8.652999999999999,17.80115,2654;1872;5881
25,10.204,18.129135,2654;1872;5672
30,9.2005,18.233975,6654;8634;7637