generation,best,average,opening;;;;;;;;;;;;;;;;;;;;
c_23,7.9505|7.95|7.926|7.926|7.900499999999999|7.9|7.87575|7.851|7.800750000000001|7.8004999999999995|7.776|7.775499999999999|7.72625|7.650499999999999|7.626|7.525499999999999|7.501|7.475499999999999|7.45125|7.3,10.551887499999998,6351;2738;2868|6351;2776;2826|6351;2775;1828|6351;2775;1728|6351;2775;2828|6351;2775;1748|6351;2736;2722|6351;2775;2765|6351;2775;1828|6351;2776;2828|6351;2776;2826|6351;2775;2828|6351;2786;1828|6351;2775;1847|6351;2736;2727|6751;2776;2818|6351;2775;1728|6351;2786;2828|6351;2738;2827|6351;2775;1828

5,7.350499999999999,12.4783125,6351;1745;3848
10,7.3,11.642863749999997,6351;2775;1726
15,7.375,11.472062500000002,6351;6776;6787
20,6.975,10.98529000000001,6351;2776;2868