generation,best,average,opening
c_36,12.0|11.91|11.25|10.86|10.66|9.95|9.15|8.8|8.75|8.0,17.93,6654;8633;7637|8653;8633;3237|6653;4234;7653|6653;8231;1217|6653;8633;1237|6653;8632;7834|4854;8434;8832|6654;6637;8517|4854;8434;8832|6653;8833;5437
5,9.903500000000001,17.818695,7782;4385;4147
10,9.2015,17.203575,6654;7633;6633
15,8.4515,16.957655,6654;8633;8637
20,8.652999999999999,17.80115,2654;1872;5881
25,10.204,18.129135,2654;1872;5672
30,9.2005,18.233975,6654;8634;7637
35,8.85,18.421185,4854;8434;8832