generation,best,average,opening;;;;;;;;;;;;;;;;;;;;
c_5,9.304|9.30175|9.203|9.2005|9.15225|9.12725|9.126|9.1015|9.02725|8.9765|8.975|8.877749999999999|8.876|8.651|8.6505|8.501|8.500499999999999|8.000499999999999|7.8515|7.350499999999999,12.4783125,6351;5876;5734|6351;2886;2442|4811;8746;4588|8321;1165;4865|6351;2886;2742|6751;5878;5814|3831;8738;8757|4811;8672;4677|6351;2876;2742|6351;6886;6746|3658;4616;4618|6751;5846;1425|8321;2165;6825|3831;8738;4757|3831;8835;8588|6751;6886;2721|3831;8735;8758|3656;7716;8726|6351;2876;2742|6351;1745;3848

5,7.350499999999999,12.4783125,6351;1745;3848