generation,best,average,opening
c_24,9.302999999999999|9.152000000000001|8.902000000000001|8.853|8.701|8.1015|7.5|7.3|7.05|6.75,13.171970000000004,2756;2245;8618|2756;8445;8636|2756;6446;8638|2756;6445;8637|2756;8446;8638|2756;6445;8616|2756;8446;8638|2756;8446;8638|2756;6445;8636|2756;8245;7638

0,10.7585,17.70806,8343;7417;3418
5,7.5,12.234479999999994,2356;6846;6634

10,7.8,12.448145000000006,2356;6428;5858
15,7.6,12.149490000000004,2356;2246;8238
20,6.6,13.816614999999995,2756;8446;8638