generation,best,average,opening;;;;;;;;;;;;;;;;;;;;
c_33,8.076|8.0755|8.0755|8.075|8.0|7.8755|7.8|7.65075|7.65075|7.5755|7.5005|7.4254999999999995|7.4254999999999995|7.3755|7.35|7.35|7.35|7.175|7.15|7.100499999999999,11.089452500000007,6351;2776;2825|6351;2776;2767|6351;2776;2718|6151;1375;1734|6351;2775;2748|6351;2775;1828|6351;2775;2726|8351;3772;2846|6351;2775;1828|6351;2776;2828|6351;2775;1828|6351;2776;1828|6351;2775;2848|6351;4875;3848|6351;2776;2868|6351;6775;2786|6351;2785;2828|6351;2776;1827|6351;2776;2727|6351;2785;1848

5,7.350499999999999,12.4783125,6351;1745;3848
10,7.3,11.642863749999997,6351;2775;1726
15,7.375,11.472062500000002,6351;6776;6787
20,6.975,10.98529000000001,6351;2776;2868
25,7.275,11.213190000000004,6351;2776;2868
30,7.3,11.116542500000003,6351;2776;1828