generation,best,average,opening
c_28,8.002|8.0|7.9|7.8515|7.851|7.8025|7.751|7.4510000000000005|7.45|7.15,12.792349999999997,2756;4445;8215|2756;6485;8676|2756;6445;8216|2756;8445;8616|2756;6446;8638|2756;8445;8616|2756;6445;8216|2756;8445;8616|2756;6446;8638|2756;6446;8638

0,10.7585,17.70806,8343;7417;3418
5,7.5,12.234479999999994,2356;6846;6634

10,7.8,12.448145000000006,2356;6428;5858
15,7.6,12.149490000000004,2356;2246;8238
20,6.6,13.816614999999995,2756;8446;8638
25,6.35,13.794554999999994,2756;8446;8638