generation,best,average,opening
c_9,1.0,1.0,6683

0,18.343333333333334,25.13266666666667,2141;4221;8122
0,1.0,1.0,3367
5,1.0,1.0,6283