generation,best,average,opening
c_2,10.0,18.788999999999998,8338;4314;4312

0,18.343333333333334,25.13266666666667,2141;4221;8122