generation,best,average,opening
c_4,9.4|9.1|9.0|8.8|8.7|8.2|8.2|8.1|7.4|7.3,15.711429999999996,8835;3847;7611|8835;1825;3865|8835;4841;4821|8835;3435;1415|8835;1845;1885|8835;3845;7615|8835;3845;1825|8835;1845;7275|8835;3845;3211|8835;7841;3661

0,11.104000000000001,24.771619999999995,8633;8533;8533