generation,best,average,opening
c_38,11.76|11.76|10.95|10.8|10.66|10.56|10.4|10.3|10.16|9.75,18.47,6673;8634;7138|6653;8232;7217|6653;8238;8637|6653;8637;5238|6654;6637;8517|4854;8434;8832|4854;8434;8832|6653;8633;1237|6653;8234;7613|6653;8833;5437
5,9.903500000000001,17.818695,7782;4385;4147
10,9.2015,17.203575,6654;7633;6633
15,8.4515,16.957655,6654;8633;8637
20,8.652999999999999,17.80115,2654;1872;5881
25,10.204,18.129135,2654;1872;5672
30,9.2005,18.233975,6654;8634;7637
35,8.85,18.421185,4854;8434;8832