generation,best,average,opening;;;;;;;;;;;;;;;;;;;;
c_25,8.0755|8.07525|8.0505|8.05025|8.025|7.95|7.925|7.925|7.900499999999999|7.801|7.8004999999999995|7.8004999999999995|7.7005|7.525|7.425|7.40075|7.4|7.350499999999999|7.3255|7.275,11.213190000000004,6351;2776;1868|6351;2775;1828|6351;2775;1828|6355;2747;5723|6351;2786;2827|6351;2786;2828|6351;6776;2888|6351;2738;1827|6355;2786;6746|6351;2775;2728|6351;2776;2828|6351;2776;2868|6351;2776;2868|6351;2738;2827|6351;2776;2848|6351;2775;2828|6351;2776;2848|6351;2776;2828|6351;2776;1828|6351;2776;2868

5,7.350499999999999,12.4783125,6351;1745;3848
10,7.3,11.642863749999997,6351;2775;1726
15,7.375,11.472062500000002,6351;6776;6787
20,6.975,10.98529000000001,6351;2776;2868