generation,best,average,opening
c_1,1.0,1.0,6263

0,18.343333333333334,25.13266666666667,2141;4221;8122
0,1.0,1.0,3367