generation,best,average,opening
c_25,8.3525|8.051|8.0|7.7|7.551|7.501|7.45|7.45|6.751|6.35,13.794554999999994,2756;8445;8636|2756;6426;8638|2756;6445;8216|2756;8446;8638|2756;8446;8838|2756;6446;8638|2756;8445;8636|2756;8245;7638|2756;6446;8638|2756;8446;8638

0,10.7585,17.70806,8343;7417;3418
5,7.5,12.234479999999994,2356;6846;6634

10,7.8,12.448145000000006,2356;6428;5858
15,7.6,12.149490000000004,2356;2246;8238
20,6.6,13.816614999999995,2756;8446;8638
25,6.35,13.794554999999994,2756;8446;8638