generation,best,average,opening
c_21,9.051|8.851|8.801|8.6|8.5535|8.4015|8.352|8.102|8.051|7.55,13.14794,2756;8445;8638|2776;8835;6638|2756;8446;8636|2756;6445|2776;8635;6648|2756;8245;7638|2756;8446;8638|2756;8446;8638|2756;6445;8616|2756;8446;8638

0,10.7585,17.70806,8343;7417;3418
5,7.5,12.234479999999994,2356;6846;6634

10,7.8,12.448145000000006,2356;6428;5858
15,7.6,12.149490000000004,2356;2246;8238
20,6.6,13.816614999999995,2756;8446;8638