generation,best,average,opening
c_18,8.5|8.5|8.3|8.3|8.2|8.1|8.0|7.6|7.6|7.4,16.874690000000005,8835;3847;7645|8835;3883;7841|8835;7837;7835|8835;7847;7826|6835;5645;3635|8835;7847;7835|8835;7846;7826|8835;7827;5811|8835;3847;7845|8835;7847;7828

0,11.104000000000001,24.771619999999995,8633;8533;8533
5,7.8,15.67109,8835;3842;3234
10,7.2,15.885019999999997,8845;3628;1213
15,7.1,16.61970000000001,8835;7838;7832