generation,best,average,opening
c_31,12.26|12.05|10.81|10.7|10.6|10.6|10.01|9.86|9.55|9.0,18.03,6653;8634;8834|6653;8633;8637|6654;8633;7637|6654;6637;8517|6653;8634;8638|6653;8634;7233|6653;8634;7233|2654;5772;5572|4654;8234;6632|6653;8833;5437
5,9.903500000000001,17.818695,7782;4385;4147
10,9.2015,17.203575,6654;7633;6633
15,8.4515,16.957655,6654;8633;8637
20,8.652999999999999,17.80115,2654;1872;5881
25,10.204,18.129135,2654;1872;5672
30,9.2005,18.233975,6654;8634;7637