generation,best,average,opening
c_15,12.01|11.86|11.65|11.11|10.9|10.76|10.21|9.05|9.05|8.45,16.96,2654;1643;8537|2652;7642;7831|2654;5633;6533|2654;2871;6862|6654;7633;6633|2654;5638;6648|5218;5658;1667|2652;3645;3747|2652|6654;8633;8637
5,9.903500000000001,17.818695,7782;4385;4147
10,9.2015,17.203575,6654;7633;6633
15,8.4515,16.957655,6654;8633;8637