generation,best,average,opening;;;;;;;;;;;;;;;;;;;;
c_16,8.375|8.301|8.3005|8.15|8.125|8.125|8.1005|8.1|7.926|7.925|7.8755|7.851|7.85|7.5005|7.4|7.3|7.275|7.2505|7.100499999999999|6.975499999999999,11.330522500000004,6351;6776;2748|6351;2776;2864|6351;2785;1728|6351;2775;2725|6351;6776;2748|6351;5876;5788|6351;6776;2748|6351;5786;6748|6351;5786;6388|6351;2736;2714|6351;2775;2726|6351;2738;2714|6351;2775;1742|6351;2776;2863|6351;2775;1782|6351;2775;1728|6351;2776;2821|6751;6776;2738|6351;2776;2863|6351;2776;2825

5,7.350499999999999,12.4783125,6351;1745;3848
10,7.3,11.642863749999997,6351;2775;1726
15,7.375,11.472062500000002,6351;6776;6787