generation,best,average,opening
c_7,13.16|12.3|11.76|11.11|10.8|10.51|10.5|10.46|9.15|8.2,17.56,2654;1844;6836|4774;4373;4183|2612;2637;7746|3752;4333;8372|2654;6643;6547|7782;4385;4147|5218;5658;7667|2652;3673;1684|2654;5633;6633|3752;8234;8248
5,9.903500000000001,17.818695,7782;4385;4147