generation,best,average,opening
c_14,9.6|9.5|9.45|9.3|9.0|8.6|8.2|8.15|7.55|7.25,14.57,2858;4676;2235|2656;4571;5125|2656;3171;5145|2656;3511;5521|2656;3132;1311|2652;1215;1135|2656;3531;1541|2656;3631;5232|2656;1235;1315|2656;3231;1431
5,9.903500000000001,17.818695,7782;4385;4147
10,9.2015,17.203575,6654;7633;6633
15,8.4515,16.957655,6654;8633;8637
20,8.652999999999999,17.80115,2654;1872;5881
25,10.204,18.129135,2654;1872;5672
30,9.2005,18.233975,6654;8634;7637
35,8.85,18.421185,4854;8434;8832
5,8.705,15.830284999999998,2656;3631;5241
10,7.3,14.791445,2858;3676;5245