generation,best,average,opening
c_13,8.751|8.551499999999999|8.3|8.252|8.15|7.8525|7.65|7.6|7.5|7.301,12.152365,2356;2246;8238|2356;2246;6236|2356;6446;6417|2756;4446;8238|2356;6446;8638|2366;6425;1455|2356;6445;5215|2356;2446;8236|2356;6446;8638|2356;8446;8238

0,10.7585,17.70806,8343;7417;3418
5,7.5,12.234479999999994,2356;6846;6634

10,7.8,12.448145000000006,2356;6428;5858