generation,best,average,opening
c_0,16.312|16.209|15.713|15.619000000000002|15.604000000000001|15.21|14.01|13.808|12.606|11.104000000000001,24.771619999999995,1472;3474;3474|4315;4815;4855|2487;2727;2827|8218;4616;4236|5445;5646;5642|6858;5834;5886|7144;3478;3476|8835;1845;5685|5824;3323;2367|8633;8533;8533

0,11.104000000000001,24.771619999999995,8633;8533;8533