generation,best,average,opening;;;;;;;;;;;;;;;;;;;;
c_11,8.52575|8.500499999999999|8.500499999999999|8.451749999999999|8.376|8.352|8.3|8.27575|8.250499999999999|8.2|8.00025|7.977250000000001|7.725499999999999|7.7010000000000005|7.5760000000000005|7.5760000000000005|7.5755|7.475499999999999|7.425|7.15,11.170185000000004,6351;6786;2748|6351;2776;2825|6351;2856;2864|6351;2776;2825|6351;2775;1728|6351;2776;2821|6351;2775;2722|6351;2776;1825|6375;1758;1887|6351;6886;2748|6351;2776;2827|6355;2758;2817|6351;2776;2825|6351;6876;2748|6351;2715;2727|6351;2737;2748|6351;5762;1381|6351;5776;2748|6351;2886;2788|6351;2776;1827

5,7.350499999999999,12.4783125,6351;1745;3848
10,7.3,11.642863749999997,6351;2775;1726