generation,best,average,opening;;;;;;;;;;;;;;;;;;;;
c_14,8.325|8.301|8.3005|8.25|8.2005|8.176499999999999|8.175|8.125|8.07625|8.051499999999999|8.001|7.85|7.8255|7.775|7.7505|7.75|7.6|7.525|7.325|7.025,11.536030000000007,6351;2776;2811|6351;2775;1726|6351;2875;1886|6351;2376;2824|6375;1758;1787|6351;2776;2764|6351;6776;6887|6351;2775;2724|6351;2776;2825|6351;2736;2724|6351;6776;2748|6351;2775;1726|6351;2775;2725|6351;6776;2748|6351;5776;6788|6351;2775;1726|6351;2775;2728|6351;2778;2884|6351;2775;1726|6351;6776;2748

5,7.350499999999999,12.4783125,6351;1745;3848
10,7.3,11.642863749999997,6351;2775;1726