generation,best,average,opening
c_19,8.8|8.3|7.7|7.7|7.5|7.1|7.1|7.1|7.0|6.8,16.3615,8835;3847;7645|8835;3843;8231|8835;3847;7611|8835;3843;7841|8835;3847;7647|8835;7817;7711|8835;7847;7826|8835;7846;7826|8835;7847;7826|8835;3847;7885

0,11.104000000000001,24.771619999999995,8633;8533;8533
5,7.8,15.67109,8835;3842;3234
10,7.2,15.885019999999997,8845;3628;1213
15,7.1,16.61970000000001,8835;7838;7832