generation,best,average,opening;;;;;;;;;;;;;;;;;;;;
c_39,7.95025|7.926749999999999|7.926|7.900499999999999|7.8755|7.850499999999999|7.8255|7.7505|7.75|7.725|7.675|7.65075|7.65|7.5005|7.425|7.3|7.275|7.2|6.900499999999999|6.725,10.951940000000004,6351;2776;2866|6351;2786;1868|6351;2785;1828|6351;2775;1728|6351;4775;3846|6311;2875;1741|6351;2775;1828|6351;2776;1888|6351;2776;1868|6351;2786;2828|6351;2775;2848|6351;2776;2866|6351;2765;1887|6351;2775;2728|6351;2776;6828|6351;2776;2888|6351;2775;1868|6351;2785;1828|6351;2775;1828|6351;2775;1828

5,7.350499999999999,12.4783125,6351;1745;3848
10,7.3,11.642863749999997,6351;2775;1726
15,7.375,11.472062500000002,6351;6776;6787
20,6.975,10.98529000000001,6351;2776;2868
25,7.275,11.213190000000004,6351;2776;2868
30,7.3,11.116542500000003,6351;2776;1828
35,6.725,11.156136250000001,6351;2776;2828