generation,best,average,opening
c_1,14.107000000000001|14.105|13.8095|13.455499999999999|13.0525|11.7545|11.154000000000002|10.704|10.5525|6.5,20.622765000000005,2127;1263;1213|1761;1123;1523|1615;1617;5615|6778;6133;5112|2445;6115;2311|7312;3736;1816|1742;1722;5741|1258;1161;1263|2315;4312;4372|3254;3478;1226

0,11.104000000000001,24.771619999999995,8633;8533;8533
5,7.8,15.67109,8835;3842;3234
10,7.2,15.885019999999997,8845;3628;1213
15,7.1,16.61970000000001,8835;7838;7832
20,6.9,16.7517,8835;7847;7826
25,7.1,16.806520000000006,8835;3847;7811
30,6.5,15.425109999999997,8835;7867;7825
35,6.8,15.21524,8835;7845;3665
0,11.3045,26.25875,1615;1617;5615