generation,best,average,opening;;;;;;;;;;;;;;;;;;;;
c_4,9.50225|9.30125|9.301|9.277000000000001|9.27625|9.2285|9.227|9.2|9.176|9.1755|9.151|9.15075|9.1035|8.978|8.9775|8.95325|8.851|8.502|8.47725|8.051,12.839608749999998,6751;5836;5812|3656;7736;8345|6751;5846;1721|6751;5846;5321|6711;5836;7811|3831;8738;4557|4811;8538;4757|8321;1165;8265|6351;2876;2742|4811;8536;4157|5135;1146;1242|1152;1643;4817|6157;2354;7184|4811;8886;4784|6751;5848;1825|6351;5776;5726|6351;2886;2342|4811;8674;4534|6351;6886;2744|4411;8676;8673
