generation,best,average,opening
c_14,11.51|10.91|10.7|10.45|10.3|10.05|10.05|9.4|9.3|8.9,17.4,2654;1633;2637|2612;2637;7736|2654;2834;6734|6654;8633;8637|2654;3643;4537|2654;2871;6862|2652;3645;3747|6654;5633;6633|2652;7642;7831|5218;5658;1667
5,9.903500000000001,17.818695,7782;4385;4147
10,9.2015,17.203575,6654;7633;6633