generation,best,average,opening;;;;;;;;;;;;;;;;;;;;
c_46,7.875|7.850499999999999|7.85|7.8255|7.801|7.8|7.8|7.7505|7.6754999999999995|7.6255|7.625|7.575|7.575|7.45|7.45|7.226|7.2005|7.05025|6.875|6.45,11.052777500000007,6351;2775;1828|6351;2775;1728|6351;2775;2828|6351;2775;2848|6351;2776;2848|6355;2876;2888|6355;2776;2848|6351;2775;1428|6355;2776;2848|6311;6577;2787|6351;2775;1846|6351;2775;2828|6355;2775;4448|6351;2776;2866|6355;2776;2848|6755;2786;4848|6351;2776;2868|6355;2775;2848|6355;2776;2846|6355;2775;4846

5,7.350499999999999,12.4783125,6351;1745;3848
10,7.3,11.642863749999997,6351;2775;1726
15,7.375,11.472062500000002,6351;6776;6787
20,6.975,10.98529000000001,6351;2776;2868
25,7.275,11.213190000000004,6351;2776;2868
30,7.3,11.116542500000003,6351;2776;1828
35,6.725,11.156136250000001,6351;2776;2828
40,6.675,10.639853749999995,6351;2375;1748
45,6.725,11.4149825,6355;2775;2846