generation,best,average,opening;;;;;;;;;;;;;;;;;;;;
c_41,8.0765|8.0755|8.051|8.0|7.975|7.9510000000000005|7.925|7.9|7.851|7.85|7.8|7.650499999999999|7.65|7.65|7.65|7.6|7.6|7.5|7.351|7.35025,10.981739999999997,6351;2776;2848|6351;2756;1887|6311;2777;1747|6351;2775;1848|6311;6775;2788|6351;2875;1848|6351;2775;6724|6311;6775;2784|6351;2775;1728|6351;2776;2868|6351;2776;2828|6351;2776;2868|6355;2787;2828|6351;1375;1748|6351;2875;1827|6351;2776;2866|6351;2775;2728|6351;2776;2866|6351;2775;1828|6351;2775;2828

5,7.350499999999999,12.4783125,6351;1745;3848
10,7.3,11.642863749999997,6351;2775;1726
15,7.375,11.472062500000002,6351;6776;6787
20,6.975,10.98529000000001,6351;2776;2868
25,7.275,11.213190000000004,6351;2776;2868
30,7.3,11.116542500000003,6351;2776;1828
35,6.725,11.156136250000001,6351;2776;2828
40,6.675,10.639853749999995,6351;2375;1748