generation,best,average,opening;;;;;;;;;;;;;;;;;;;;
c_21,8.32625|8.325|8.12675|8.125499999999999|8.0265|8.025|8.00175|7.900499999999999|7.900499999999999|7.87625|7.8755|7.8|7.775|7.7505|7.7|7.6765|7.6255|7.475|7.400499999999999|7.3,10.938874999999996,6351;2775;2816|6351;2786;1828|6351;2776;2728|6351;2775;2858|6351;2776;2826|6351;2775;1723|6351;6775;5747|6351;2775;2847|6351;2776;2825|6351;2776;2828|6351;2775;1815|6351;2775;1788|6361;2788;2727|6351;2776;2825|6351;2775;1728|6351;2776;2828|6351;2775;1828|6351;2736;2728|6351;2776;2828|6351;2735;2745

5,7.350499999999999,12.4783125,6351;1745;3848
10,7.3,11.642863749999997,6351;2775;1726
15,7.375,11.472062500000002,6351;6776;6787
20,6.975,10.98529000000001,6351;2776;2868