generation,best,average,opening;;;;;;;;;;;;;;;;;;;;
c_12,8.576|8.45|8.429|8.42675|8.401|8.354|8.301499999999999|8.251|8.250499999999999|8.176|8.1275|8.125|8.1|8.0505|7.87625|7.7505|7.5504999999999995|7.525|7.400499999999999|7.325,11.549628750000005,6351;2776;2825|6377;6767;2323|6351;6786;2748|6351;2776;2825|6351;2736;1723|6351;2736;2821|6351;6776;2748|6351;2776;2764|6351;2775;2722|6351;2735;2724|6351;6776;2748|6351;2776;2821|6351;2775;1726|6375;1758;1885|6375;1758;1887|6351;2776;2827|6351;2888;2787|6351;2776;2867|6351;2775;1726|6351;6776;2748

5,7.350499999999999,12.4783125,6351;1745;3848
10,7.3,11.642863749999997,6351;2775;1726