generation,best,average,opening
c_24,8.7|8.5|8.4|8.4|8.1|7.9|7.6|7.5|7.3|6.4,15.214050000000007,8835;7847;7625|8835;7847;7816|8835;7887;3625|8835;3843;7841|8835;3847;7825|8835;3817;7815|8837;7887;7845|8835;7837;7625|8835;1873;5845|8835;3817;7812

0,11.104000000000001,24.771619999999995,8633;8533;8533
5,7.8,15.67109,8835;3842;3234
10,7.2,15.885019999999997,8845;3628;1213
15,7.1,16.61970000000001,8835;7838;7832
20,6.9,16.7517,8835;7847;7826