generation,best,average,opening
c_21,11.71|11.66|11.66|11.65|11.6|10.96|10.25|10.0|10.0|9.68,18.2,6654;6882;6882|6654;8634;8638|2654;2871;6862|2654;1872;5861|2652;7645;3536|2654;2881;6852|6654;8633;8637|2654;1872;5672|2674;2882;6852|5218;5658;3667
5,9.903500000000001,17.818695,7782;4385;4147
10,9.2015,17.203575,6654;7633;6633
15,8.4515,16.957655,6654;8633;8637
20,8.652999999999999,17.80115,2654;1872;5881