generation,best,average,opening;;;;;;;;;;;;;;;;;;;;
c_44,7.925|7.900499999999999|7.8755|7.72625|7.725750000000001|7.7|7.7|7.675|7.625|7.600499999999999|7.6|7.6|7.6|7.575|7.5|7.40075|7.35|7.301|7.25|7.225,10.918169999999993,6351;2776;2868|6351;2775;1848|6355;2787;1727|6351;2775;1828|6351;2766;2848|6755;2765;3745|6351;2775;2826|6355;2775;4848|6351;2775;2848|6351;2775;1828|6351;2775;2828|6351;1375;1748|6351;2775;1728|6351;2775;2768|6351;2775;2848|6355;2776;2848|6351;2756;1867|6351;2776;2866|6355;2775;2848|6351;2776;2846

5,7.350499999999999,12.4783125,6351;1745;3848
10,7.3,11.642863749999997,6351;2775;1726
15,7.375,11.472062500000002,6351;6776;6787
20,6.975,10.98529000000001,6351;2776;2868
25,7.275,11.213190000000004,6351;2776;2868
30,7.3,11.116542500000003,6351;2776;1828
35,6.725,11.156136250000001,6351;2776;2828
40,6.675,10.639853749999995,6351;2375;1748