generation,best,average,opening
c_25,11.56|11.55|11.5|11.46|11.4|10.95|10.8|10.6|10.31|10.2,18.13,2674;6872;6852|2674;1871;5761|2654;2871;6452|6653;8634;7237|6654;8633;7637|6654;8633;8657|2654;2872;5872|6654;8633;7237|2654;1872;5481|2654;1872;5672
5,9.903500000000001,17.818695,7782;4385;4147
10,9.2015,17.203575,6654;7633;6633
15,8.4515,16.957655,6654;8633;8637
20,8.652999999999999,17.80115,2654;1872;5881