generation,best,average,opening
c_1,7.333333333333334,22.226666666666667,8338;4314;4412

0,18.343333333333334,25.13266666666667,2141;4221;8122