generation,best,average,opening;;;;;;;;;;;;;;;;;;;;
c_10,8.12575|8.1|8.0765|8.02675|8.00075|7.977250000000001|7.976|7.926|7.926|7.8755|7.8|7.7764999999999995|7.7265|7.725|7.62625|7.5755|7.550750000000001|7.55|7.350499999999999|7.3,11.642863749999997,6351;2776;2826|6351;2878;2733|6311;6736;6841|6351;2776;2825|6355;2758;2817|6375;1758;1487|6351;1372;2346|6351;2776;1814|6351;2736;2826|6351;2878;6884|6351;2736;2723|6351;2776;2823|6351;2776;2821|6351;2886;1788|6351;6886;2748|6351;2736;2723|6351;2776;2825|6351;2735;2724|6351;5776;2748|6351;2775;1726

5,7.350499999999999,12.4783125,6351;1745;3848
10,7.3,11.642863749999997,6351;2775;1726