generation,best,average,opening
c_1,13.71|13.63|13.5|12.33|12.21|11.71|11.66|11.31|11.11|10.39,17.08,8612;6512;6512|6846;8725;8726|1528;1522;1526|1756;2752;1572|5621;8722;4761|3362;7165;5126|6146;6446;6446|3511;3512;7512|2656;4611;8211|2265;3247;3217
5,9.903500000000001,17.818695,7782;4385;4147
10,9.2015,17.203575,6654;7633;6633
15,8.4515,16.957655,6654;8633;8637
20,8.652999999999999,17.80115,2654;1872;5881
25,10.204,18.129135,2654;1872;5672
30,9.2005,18.233975,6654;8634;7637
35,8.85,18.421185,4854;8434;8832