generation,best,average,opening
c_11,12.21|11.16|11.12|10.8|10.76|10.65|10.35|9.91|9.25|9.25,17.22,2654;1633;2534|8882;8485;4387|2612;2637;7885|2654;4643;8633|2654;1633;2637|7782;4185;4145|5218;5658;1667|3752;8274;8146|2653;1243;2337|6654;7633;6633
5,9.903500000000001,17.818695,7782;4385;4147
10,9.2015,17.203575,6654;7633;6633