generation,best,average,opening
c_8,8.8|8.7|8.6|8.4|8.4|8.4|8.2|7.5|6.8|6.7,17.092760000000002,8835;3847;7461|8835;3885;3485|8835;3845;7215|8835;3885;3455|8845;3822;3414|8835;1845;7851|8835;3445;3255|8735;3885;3485|8837;5485;7861|8845;3622;1214

0,11.104000000000001,24.771619999999995,8633;8533;8533
5,7.8,15.67109,8835;3842;3234