generation,best,average,opening;;;;;;;;;;;;;;;;;;;;
c_38,7.85|7.82575|7.751|7.75075|7.75|7.726|7.7005|7.7|7.675|7.626|7.575|7.5005|7.5|7.425|7.375|7.25|7.175|7.125|7.075|6.725,10.593075000000006,6351;2775;2748|6311;6756;2887|6351;2775;2728|6351;2776;2828|6351;2776;2868|6351;2786;1828|6751;2785;4768|6311;2776;1827|6351;4775;3848|6351;2776;1888|6355;2778;2888|6351;2775;1728|6351;2775;1828|6351;2776;2868|6351;2776;1828|6351;2756;2828|6351;2776;2824|6351;2776;2866|6351;2775;2868|6351;2775;1828

5,7.350499999999999,12.4783125,6351;1745;3848
10,7.3,11.642863749999997,6351;2775;1726
15,7.375,11.472062500000002,6351;6776;6787
20,6.975,10.98529000000001,6351;2776;2868
25,7.275,11.213190000000004,6351;2776;2868
30,7.3,11.116542500000003,6351;2776;1828
35,6.725,11.156136250000001,6351;2776;2828