generation,best,average,opening;;;;;;;;;;;;;;;;;;;;
c_13,8.375499999999999|8.3255|8.3025|8.3005|8.25075|8.250499999999999|8.176|8.12625|8.101|8.0015|8.0|7.900499999999999|7.85125|7.775|7.75|7.625|7.625|7.55|7.4505|7.35,11.841808750000007,6351;2778;2724|6351;2776;2862|6351;2776;2823|6351;2875;1882|6351;2776;2828|6351;2736;1824|6351;6776;2748|6351;2776;2824|6375;1758;1885|6375;2758;2787|6351;2775;2725|6351;5776;6778|6351;6776;2748|6351;2775;2765|6351;6775;1746|6351;2735;2724|6351;2776;2827|6351;6776;2748|6351;2775;1728|6351;2776;2827

5,7.350499999999999,12.4783125,6351;1745;3848
10,7.3,11.642863749999997,6351;2775;1726