generation,best,average,opening
c_7,8.9|8.7|8.3|8.0|7.9|7.7|7.7|7.5|7.4|6.8,17.344939999999998,8835;3847;7461|8835;3885;3455|8835;1475;7451|8835;3845;4811|8845;3622;1214|8835;1885;7815|8835;3885;3455|8835;3841;7611|8835;3841;7431|8835;4845;4611

0,11.104000000000001,24.771619999999995,8633;8533;8533
5,7.8,15.67109,8835;3842;3234