generation,best,average,opening;;;;;;;;;;;;;;;;;;;;
c_45,7.775|7.72625|7.726|7.725499999999999|7.7|7.575|7.55|7.55|7.525|7.525|7.501|7.501|7.5005|7.5|7.45|7.125|7.075|7.0|6.95|6.725,11.4149825,6351;2776;2826|6351;2776;2848|6351;2776;2868|6351;2775;2726|6351;2756;1887|6355;2875;4848|6351;2776;2828|6355;2776;2848|6455;1885;2828|6351;2775;2828|6351;2776;2868|6351;2775;2428|6355;2776;2846|6351;2776;2866|6355;2775;4446|6351;2775;1828|6351;2775;1848|6351;2775;2848|6351;2775;1828|6355;2775;2846

5,7.350499999999999,12.4783125,6351;1745;3848
10,7.3,11.642863749999997,6351;2775;1726
15,7.375,11.472062500000002,6351;6776;6787
20,6.975,10.98529000000001,6351;2776;2868
25,7.275,11.213190000000004,6351;2776;2868
30,7.3,11.116542500000003,6351;2776;1828
35,6.725,11.156136250000001,6351;2776;2828
40,6.675,10.639853749999995,6351;2375;1748