generation,best,average,opening
c_36,9.501|9.454|9.452|9.302|9.204|8.9525|8.853|8.852|8.402000000000001|7.1,14.342365000000003,2756;8445;8636|2756;6445;8618|2756;8445;8816|2756;6445;8635|2756;6446;8816|2756;6446;8838|2756;6446;8818|2756;6446;8816|2756;6445;8616|2756;6445;8616

0,10.7585,17.70806,8343;7417;3418
5,7.5,12.234479999999994,2356;6846;6634

10,7.8,12.448145000000006,2356;6428;5858
15,7.6,12.149490000000004,2356;2246;8238
20,6.6,13.816614999999995,2756;8446;8638
25,6.35,13.794554999999994,2756;8446;8638
30,7.2,13.492975000000008,2756;6446;8838
35,7.45,14.606745,2756;6446;8838