generation,best,average,opening
c_15,8.7065|8.7015|8.701|8.651|8.3|8.101|8.1005|8.002|7.951499999999999|7.6,12.149490000000004,2756;8446;8648|2356;6446;8638|2356;6425;7217|2356;6446;8238|2756;2226;8248|2356;6446;6218|2316;6635;1135|2356;6446;8238|2356;6446;8638|2356;2246;8238

0,10.7585,17.70806,8343;7417;3418
5,7.5,12.234479999999994,2356;6846;6634

10,7.8,12.448145000000006,2356;6428;5858