generation,best,average,opening
c_5,9.251|9.25|8.7|8.6|8.4|8.15|7.75|7.5|7.45|6.85,14.597315000000005,3254;7486;7266|3454;6688;2586|3454;3248;1646|3254;7476;6316|3254;8366;2726|3454;2668;1584|3254;8368;2528|3254;8166;2726|3454;3688;1686|3454;6668;1548

0,11.104000000000001,24.771619999999995,8633;8533;8533
5,7.8,15.67109,8835;3842;3234
10,7.2,15.885019999999997,8845;3628;1213
15,7.1,16.61970000000001,8835;7838;7832
20,6.9,16.7517,8835;7847;7826
25,7.1,16.806520000000006,8835;3847;7811
30,6.5,15.425109999999997,8835;7867;7825
35,6.8,15.21524,8835;7845;3665
0,11.3045,26.25875,1615;1617;5615