generation,best,average,opening;;;;;;;;;;;;;;;;;;;;
c_9,8.426499999999999|8.4255|8.376|8.351|8.351|8.3255|8.30175|8.25|8.226|8.201749999999999|8.05175|7.97625|7.976|7.850750000000001|7.725|7.601|7.525499999999999|7.1754999999999995|7.15|7.1,11.506371250000003,6351;6886;2744|6351;6382;6826|6351;2756;2867|6351;2776;2825|6351;2776;2727|6351;2776;2823|2351;3756;1864|6351;2876;2874|6351;5775;5745|6351;2738;2723|6351;6782;2726|6375;6728;2883|2351;3766;1888|6351;2715;2726|6351;2736;2723|6351;6778;6834|6351;2776;2823|6351;6886;2748|6351;2778;2724|6351;2886;2788

5,7.350499999999999,12.4783125,6351;1745;3848