generation,best,average,opening;;;;;;;;;;;;;;;;;;;;
c_18,8.1505|8.126|8.025|8.000499999999999|7.901|7.85|7.82575|7.801|7.8|7.775499999999999|7.75|7.6255|7.625|7.55|7.3755|7.30025|7.275|7.15|7.0504999999999995|7.0504999999999995,11.277023750000007,6351;2776;2828|6351;2776;2825|6351;2776;2748|6351;1776;2848|6351;5775;6888|6351;2776;2821|6351;2786;1827|6351;2776;2882|6351;2776;2868|6351;2776;2823|6351;2786;2828|6351;2775;1723|6361;2745;2727|6351;2776;2821|6351;6776;2746|6351;2776;2861|6351;6776;2748|6351;2775;1786|6351;2775;1724|6351;2776;2881

5,7.350499999999999,12.4783125,6351;1745;3848
10,7.3,11.642863749999997,6351;2775;1726
15,7.375,11.472062500000002,6351;6776;6787