generation,best,average,opening
c_10,10.21|10.21|10.0|9.86|8.7|8.7|8.55|8.35|8.21|7.3,14.79,2616;4535;8133|2656;4571;6145|2656;3231;5415|2656;3131;6115|2656;3571;5281|2658;3611;6171|2656;5631;2274|2616;4536;4236|2656;3271;5241|2858;3676;5245
5,9.903500000000001,17.818695,7782;4385;4147
10,9.2015,17.203575,6654;7633;6633
15,8.4515,16.957655,6654;8633;8637
20,8.652999999999999,17.80115,2654;1872;5881
25,10.204,18.129135,2654;1872;5672
30,9.2005,18.233975,6654;8634;7637
35,8.85,18.421185,4854;8434;8832
5,8.705,15.830284999999998,2656;3631;5241
10,7.3,14.791445,2858;3676;5245