generation,best,average,opening
c_15,9.2|9.1|9.0|9.0|8.9|8.9|8.4|8.4|8.2|7.1,16.61970000000001,6835;1845;1876|8835;3847;7846|8835;3843;7841|8835;4847;7867|8835;7865;3811|8837;4827;5867|8835;7847;7821|8835;3847;7565|8835;7847;7825|8835;7838;7832

0,11.104000000000001,24.771619999999995,8633;8533;8533
5,7.8,15.67109,8835;3842;3234
10,7.2,15.885019999999997,8845;3628;1213