generation,best,average,opening
c_13,9.1|8.7|8.7|8.4|8.3|8.1|8.0|8.0|7.6|7.3,16.07194999999999,8815;1843;7681|8837;7483;3683|8835;3847;7845|8835;3847;7865|8835;3847;7825|8835;7843;7821|8835;3843;7841|8815;1823;7662|8815;1813;7651|8815;1814;7623

0,11.104000000000001,24.771619999999995,8633;8533;8533
5,7.8,15.67109,8835;3842;3234
10,7.2,15.885019999999997,8845;3628;1213