generation,best,average,opening;;;;;;;;;;;;;;;;;;;;
c_136,7.1|7.1|7.083333333333334|7.066666666666666|7.066666666666666|7.066666666666666|7.050333333333333|7.0|7.0|6.967333333333333|6.95|6.9|6.883666666666667|6.883333333333334|6.85|6.85|6.833333333333334|6.816666666666666|6.816666666666666|6.766666666666667,10.714124999999994,6355;1778;2848|6355;1778;2848|6355;1778;2848|6355;1778;2848|6355;1778;2848|6355;1778;2848|6355;1778;2848|6355;1778;2848|6355;1778;2848|6355;1778;2848|6355;1778;2848|6355;1778;2848|6355;3778;4848|6355;1778;2848|6355;1778;2848|6355;3778;4848|6355;1778;2848|6355;1778;2848|6355;1778;2848|6351;1778;2644

5,7.350499999999999,12.4783125,6351;1745;3848
10,7.3,11.642863749999997,6351;2775;1726
15,7.375,11.472062500000002,6351;6776;6787
20,6.975,10.98529000000001,6351;2776;2868
25,7.275,11.213190000000004,6351;2776;2868
30,7.3,11.116542500000003,6351;2776;1828
35,6.725,11.156136250000001,6351;2776;2828
40,6.675,10.639853749999995,6351;2375;1748
45,6.725,11.4149825,6355;2775;2846
50,6.975,10.861778750000001,6355;2776;2846
55,7.033333333333334,11.059444999999998,6355;2776;2848
60,6.766666666666667,10.82997416666666,6355;2776;2848
65,6.716666666666666,10.65134583333333,6355;2776;2848
70,6.866666666666666,10.976353333333332,6355;2776;2846
75,6.683333333333334,10.441404166666665,6355;2776;2848
80,6.866666666666666,11.108015833333331,6355;2776;2848
85,6.733333333333333,11.532400833333343,6355;2776;2828
90,6.633333333333334,12.2156275,6355;2776;2728
95,6.716666666666666,11.86743083333333,6355;2776;2728
100,6.55,11.432140833333333,6355;2776;2728
105,6.916666666666666,11.88084,6355;2376;2728
110,6.65,11.500509166666665,6355;2376;2728
115,6.883333333333334,11.277487499999998,6355;1778;2848
120,6.866666666666666,10.803098333333327,6355;1778;2846
125,6.75,11.351386666666674,6355;1778;2848
130,6.716666666666666,10.61520916666667,6355;3778;4848
135,6.766666666666667,10.961201666666675,6355;1778;2848