generation,best,average,opening
c_9,9.1515|9.051|8.952|8.851|8.802999999999999|8.8005|8.752|8.001|8.0|7.05,12.46527,2356;6446;6878|6356;6446;6638|6356;6448;6878|6356;6448;6818|6356;6418;5657|4356;4625;8628|2356;4446;4248|2356;6448;6858|2356;6446;6218|2356;6446;8638

0,10.7585,17.70806,8343;7417;3418
5,7.5,12.234479999999994,2356;6846;6634
