generation,best,average,opening;;;;;;;;;;;;;;;;;;;;
c_6,8.851|8.826|8.77675|8.7765|8.7765|8.72625|8.72625|8.70325|8.6505|8.426499999999999|8.326|8.302|8.25|8.2255|8.0275|8.02675|7.9254999999999995|7.775|7.75|7.625249999999999,12.359606250000002,3831;4737;8517|6351;1785;5746|6351;2755;2826|3831;8835;8577|3831;4737;8517|6351;5776;1726|6351;2886;2741|6351;6876;6742|6351;5886;1842|8321;1165;8265|3658;4616;4817|6351;2876;2742|6351;2875;2342|6351;2886;4748|3658;4616;4627|6351;6786;2726|6371;5726;1464|6751;5846;1425|6351;6886;2744|6751;6346;6724

5,7.350499999999999,12.4783125,6351;1745;3848