generation,best,average,opening;;;;;;;;;;;;;;;;;;;;
c_36,8.001|8.000499999999999|7.976|7.976|7.975750000000001|7.926749999999999|7.825|7.8|7.7005|7.625249999999999|7.6|7.55|7.55|7.47625|7.350499999999999|7.275499999999999|7.175|7.075|7.075|6.575,11.046980000000003,6351;2785;2728|6351;2775;2868|6351;2776;1828|6351;2785;1828|6351;2776;1828|6351;2876;1848|6311;6756;2883|6351;2776;2827|6351;2775;1828|6355;2776;2865|6351;2776;2868|6351;2775;2828|6351;2775;2728|6351;2775;2828|6351;2776;2828|6351;2776;2868|6351;2775;2748|6351;2775;1828|6351;6876;2888|6351;2776;2828

5,7.350499999999999,12.4783125,6351;1745;3848
10,7.3,11.642863749999997,6351;2775;1726
15,7.375,11.472062500000002,6351;6776;6787
20,6.975,10.98529000000001,6351;2776;2868
25,7.275,11.213190000000004,6351;2776;2868
30,7.3,11.116542500000003,6351;2776;1828
35,6.725,11.156136250000001,6351;2776;2828