generation,best,average,opening;;;;;;;;;;;;;;;;;;;;
c_2,11.53425|11.360999999999999|11.258|11.204|11.130999999999998|11.1265|11.106|10.8325|10.779000000000002|10.57825|10.577|10.52675|10.43|10.429|10.18275|10.1545|9.67875|9.65275|9.62675|8.7265,14.648824999999999,8131;2321;3127|6465;1881;2841|4411;6251;8171|5135;1135;1675|7561;1521;3513|1354;7781;1581|5627;5267;7647|3271;4377;3751|7144;7848;6487|1563;7383;7223|6157;2453;8461|7817;7235;4547|3656;3736;7141|3878;1437;7633|4811;8538;4557|5815;6776;1383|6751;5846;5721|1516;7536;7118|7481;1581;3285|8321;1166;4466
