generation,best,average,opening;;;;;;;;;;;;;;;;;;;;
c_3,10.13175|10.131|10.1275|10.079|10.02925|10.026|9.9775|9.953|9.92925|9.90425|9.85925|9.63075|9.503|9.4025|9.2285|9.101|9.1|8.876|8.7515|8.55075,13.3335375,3656;3716;8541|8131;4741;4361|8321;1162;4261|3481;1885;3385|3656;8716;8541|6761;2846;2841|4811;8536;4567|6157;2458;4775|7562;3523;2614|1354;6781;2585|4811;8678;4533|4811;8538;4757|1152;1643;4817|7481;1581;3285|5135;1146;3142|6751;5846;5821|6157;2355;6361|6351;6876;6732|6711;5836;1814|8321;1165;4865
