generation,best,average,opening
c_18,8.9535|8.901|8.602|8.552|8.302|8.302|7.801|7.651|7.65|7.551,12.847505000000004,2356;2846;8678|2356;8446;8248|2356;6446;8638|2756;8446;8636|2356;6446;8838|2756;8446;8638|2756;8245;7638|2756;8445;8615|2756;8445;8836|2756;8446;8638

0,10.7585,17.70806,8343;7417;3418
5,7.5,12.234479999999994,2356;6846;6634

10,7.8,12.448145000000006,2356;6428;5858
15,7.6,12.149490000000004,2356;2246;8238