generation,best,average,opening
c_10,9.103|9.052|9.0|8.801|8.8|8.6|8.351|8.3|8.3|7.8,12.448145000000006,6356;6448;6858|2756;4446;8648|2356;2246;8648|2356;6448;6858|2356;6448;6877|2356;6435;5237|2356;6246;8618|2356;2446;6638|2356;6446;8638|2356;6428;5858

0,10.7585,17.70806,8343;7417;3418
5,7.5,12.234479999999994,2356;6846;6634
