generation,best,average,opening
c_27,8.701|8.201|8.052|8.0505|7.9510000000000005|7.902|7.8|7.65|7.401|7.2,13.568775000000002,2756;6446;8638|2356;6446;8838|2756;6446;8215|2756;8445;8616|2756;8445;8616|6756;8446;8636|2756;8446;8638|2756;6445;8215|2756;6445;8616|2756;6445;8216

0,10.7585,17.70806,8343;7417;3418
5,7.5,12.234479999999994,2356;6846;6634

10,7.8,12.448145000000006,2356;6428;5858
15,7.6,12.149490000000004,2356;2246;8238
20,6.6,13.816614999999995,2756;8446;8638
25,6.35,13.794554999999994,2756;8446;8638