generation,best,average,opening
c_19,8.551499999999999|8.452|8.402000000000001|8.301|8.101|8.101|7.9510000000000005|7.851|7.7515|7.601,13.060315000000003,2756;8445;8635|2756;8448;8638|2756;8245;2637|2756;8445;8835|2756;8245;7638|2756;8446;8638|2356;6446;8678|2756;8446;8638|2356;6435;6637|2756;8445;8615

0,10.7585,17.70806,8343;7417;3418
5,7.5,12.234479999999994,2356;6846;6634

10,7.8,12.448145000000006,2356;6428;5858
15,7.6,12.149490000000004,2356;2246;8238