generation,best,average,opening
c_23,9.354|9.302|8.9515|8.951|8.802999999999999|8.704|7.95|7.901|7.4|7.151,13.760919999999993,2756;6446;8636|2756;8446;8636|2756;8445;8635|2756;2245;8638|2756;6446;8638|2756;8446;8838|2756;8245;3638|2756;6445;8616|2756;8446;8638|2756;8446;8638

0,10.7585,17.70806,8343;7417;3418
5,7.5,12.234479999999994,2356;6846;6634

10,7.8,12.448145000000006,2356;6428;5858
15,7.6,12.149490000000004,2356;2246;8238
20,6.6,13.816614999999995,2756;8446;8638