generation,best,average,opening
c_22,9.201|9.101|9.0525|9.0525|9.051|8.4535|7.651|7.65|7.65|7.601,13.908305000000006,2756;8446;8678|2756;6445;8616|2756;8446;8638|2756;8446;8636|2756;8247;3638|2756;8445;8638|2756;8446;8638|2756;6445;8637|2756;8245;7638|2756;8446;8638

0,10.7585,17.70806,8343;7417;3418
5,7.5,12.234479999999994,2356;6846;6634

10,7.8,12.448145000000006,2356;6428;5858
15,7.6,12.149490000000004,2356;2246;8238
20,6.6,13.816614999999995,2756;8446;8638