generation,best,average,opening
c_5,12.91|12.26|12.11|11.96|11.65|11.65|11.46|11.01|10.46|9.9,17.82,2622;7635;4441|8782;4365;4181|6822;8764;4764|2654;1843;8743|2652;3673;1684|2654;5633;6633|1342;1322;6368|2612;6637;7746|5218;5658;1667|7782;4385;4147
5,9.903500000000001,17.818695,7782;4385;4147