generation,best,average,opening
c_10,12.01|11.78|11.76|11.71|11.7|11.61|11.56|11.56|10.55|9.2,17.2,5228;5658;5887|2612;1637;7676|2654;4637;4236|2654;1633;2637|7782;4185;4141|5218;5658;7667|2613;1812;3732|2654;7633;4533|3752;8234;8248|6654;7633;6633
5,9.903500000000001,17.818695,7782;4385;4147
10,9.2015,17.203575,6654;7633;6633