generation,best,average,opening
c_12,9.302|9.3|9.3|9.008|9.002|8.8|8.7|8.6|8.2|7.1,16.630239999999993,8835;3843;7841|8835;3847;7665|8845;3822;5421|8815;1814;5621|8837;3883;7485|8837;3883;3283|8835;3445;3215|8835;3847;7625|8837;3884;3287|8835;3847;7865

0,11.104000000000001,24.771619999999995,8633;8533;8533
5,7.8,15.67109,8835;3842;3234
10,7.2,15.885019999999997,8845;3628;1213