generation,best,average,opening
c_37,12.66|12.61|12.61|11.61|10.76|10.6|9.51|9.45|8.9|8.8,18.53,4852;8433;8432|6654;6637;8517|6653;8634;7238|4854;8434;8832|6653;8638;7238|6653;8634;7233|6654;6637;8518|4854;8434;8832|6653;8231;1217|6653;8234;7617
5,9.903500000000001,17.818695,7782;4385;4147
10,9.2015,17.203575,6654;7633;6633
15,8.4515,16.957655,6654;8633;8637
20,8.652999999999999,17.80115,2654;1872;5881
25,10.204,18.129135,2654;1872;5672
30,9.2005,18.233975,6654;8634;7637
35,8.85,18.421185,4854;8434;8832