generation,best,average,opening
c_1,11.1|11.002|10.702|10.502|10.402999999999999|10.1|10.002|10.002|8.6|8.4,19.92277999999999,2872;4841;1821|5281;6231;2672|8835;1845;5645|7722;5821;7821|6533;8125;4127|8784;5321;6723|2614;2552;4552|5165;1715;7767|8836;1611;1612|8661;8452;5311

0,11.104000000000001,24.771619999999995,8633;8533;8533