generation,best,average,opening
c_22,9.203|8.9|8.8|8.6|8.3|7.9|7.9|7.7|7.4|7.2,15.389479999999997,8835;7817;7711|8835;3827;3626|8835;7837;7835|8835;3887;3635|8835;3827;7825|8635;3833;7841|8835;3843;7841|8835;7847;7885|8835;7847;7745|8835;3817;7815

0,11.104000000000001,24.771619999999995,8633;8533;8533
5,7.8,15.67109,8835;3842;3234
10,7.2,15.885019999999997,8845;3628;1213
15,7.1,16.61970000000001,8835;7838;7832
20,6.9,16.7517,8835;7847;7826