generation,best,average,opening
c_0,18.743499999999997|18.406|18.3125|18.2275|18.1735|17.668|17.47|16.9225|16.9165|11.3045,26.25875,5173;5131;5151|2158;2158;1158|4131;2131;6111|2325;4711;4315|1117;1134;1133|1231;2232;2231|3211;3232;3232|2717;1751;1651|8142;4531;4131|1615;1617;5615

0,11.104000000000001,24.771619999999995,8633;8533;8533
5,7.8,15.67109,8835;3842;3234
10,7.2,15.885019999999997,8845;3628;1213
15,7.1,16.61970000000001,8835;7838;7832
20,6.9,16.7517,8835;7847;7826
25,7.1,16.806520000000006,8835;3847;7811
30,6.5,15.425109999999997,8835;7867;7825
35,6.8,15.21524,8835;7845;3665
0,11.3045,26.25875,1615;1617;5615