generation,best,average,opening
c_2,10.702|10.202|10.002|9.7|9.6|9.3|8.5|8.0|7.2|7.1,17.325499999999998,8835;1845;5685|8836;5811;3832|8835;3841;3221|8835;1845;7275|8261;6452;8351|8836;1825;5656|8835;1441;3241|8835;2845;1881|8835;1845;5885|6614;6662;4672

0,11.104000000000001,24.771619999999995,8633;8533;8533