generation,best,average,opening
c_6,11.05|10.6|10.4|10.36|9.8|9.21|9.0|8.9|8.75|8.5,15.82,2858;3676;5245|7118;7844;3642|2616;2241;6635|2616;4418;3818|2656;3571;5281|2656;7631;6242|7118;7538;3572|8118;3574;3764|2616;4335;8637|2656;4631;6331
5,9.903500000000001,17.818695,7782;4385;4147
10,9.2015,17.203575,6654;7633;6633
15,8.4515,16.957655,6654;8633;8637
20,8.652999999999999,17.80115,2654;1872;5881
25,10.204,18.129135,2654;1872;5672
30,9.2005,18.233975,6654;8634;7637
35,8.85,18.421185,4854;8434;8832
5,8.705,15.830284999999998,2656;3631;5241