generation,best,average,opening
c_7,9.101|9.003|9.003|8.952|8.951|8.801|8.6|8.301499999999999|7.251|6.6,12.634215000000006,2356;6446;6836|2356;6216;5438|2356;8318;5727|2356;6446;6878|2356;6318;6712|2356;6446;6218|2356;6446;6678|2356;2418;2867|6356;6448;6878|2356;2246;6638

0,10.7585,17.70806,8343;7417;3418
5,7.5,12.234479999999994,2356;6846;6634
