generation,best,average,opening
c_5,9.1|8.902000000000001|8.9|8.8|8.7|8.7|8.6|8.5|8.306000000000001|7.8,15.67109,8835;1845;5475|8835;1845;7885|8835;3845;7615|8835;3847;7623|8835;3845;1217|8835;1445;7245|8835;3845;3611|8835;1845;5685|8835;4445;1467|8835;3842;3234

0,11.104000000000001,24.771619999999995,8633;8533;8533
5,7.8,15.67109,8835;3842;3234