generation,best,average,opening
c_29,11.6|11.46|11.21|10.95|10.65|10.36|10.21|10.2|9.75|8.3,18.24,6654;6637;8517|2674;1871;5761|6654;8633;8657|2654;6772;5772|6653;8634;7437|4654;8234;6632|6654;8634;7638|2654;5871;5552|2654;5772;5572|6653;8633;1237
5,9.903500000000001,17.818695,7782;4385;4147
10,9.2015,17.203575,6654;7633;6633
15,8.4515,16.957655,6654;8633;8637
20,8.652999999999999,17.80115,2654;1872;5881
25,10.204,18.129135,2654;1872;5672