generation,best,average,opening
c_17,8.701|8.7|8.501|8.302|8.2515|8.25|8.202|7.852|7.751|7.2,12.724325,2756;8445;8636|2356;2846;8678|2356;4446;8638|2756;8446;8638|2356;2446;8638|2356;6445;5277|2356;6446;8638|2756;8445;8636|2756;8446;8648|2356;6446;8638

0,10.7585,17.70806,8343;7417;3418
5,7.5,12.234479999999994,2356;6846;6634

10,7.8,12.448145000000006,2356;6428;5858
15,7.6,12.149490000000004,2356;2246;8238