generation,best,average,opening;;;;;;;;;;;;;;;;;;;;
c_35,7.9505|7.85|7.801|7.8004999999999995|7.77625|7.775499999999999|7.701499999999999|7.600750000000001|7.600750000000001|7.6|7.6|7.575|7.45|7.425|7.325|7.275|7.275|7.151|7.0504999999999995|6.725,11.156136250000001,6351;2765;1847|6351;2776;2827|6351;2775;2868|6351;2775;1828|6351;2755;2888|6351;2775;2828|6351;2776;2828|6351;2776;1828|6355;2776;2865|6351;2776;2827|6351;2776;2868|6351;2775;1828|6351;2776;2868|6351;2776;2727|6351;2776;1828|6351;2776;1828|6351;2775;2728|6351;2776;2828|6351;2776;2868|6351;2776;2828

5,7.350499999999999,12.4783125,6351;1745;3848
10,7.3,11.642863749999997,6351;2775;1726
15,7.375,11.472062500000002,6351;6776;6787
20,6.975,10.98529000000001,6351;2776;2868
25,7.275,11.213190000000004,6351;2776;2868
30,7.3,11.116542500000003,6351;2776;1828