generation,best,average,opening
c_16,8.9|8.7|8.6|8.6|8.3|8.1|7.5|7.5|7.3|7.1,16.563360000000003,6835;5845;1632|8835;7837;7835|8835;7847;7825|8835;7865;3815|8835;7843;7841|8835;1843;7883|8835;3847;7846|8835;7848;7826|6835;1846;1876|8837;5838;7836

0,11.104000000000001,24.771619999999995,8633;8533;8533
5,7.8,15.67109,8835;3842;3234
10,7.2,15.885019999999997,8845;3628;1213
15,7.1,16.61970000000001,8835;7838;7832