generation,best,average,opening
c_22,12.36|12.3|12.29|12.26|11.5|10.85|10.6|10.56|10.3|9.8,17.91,2654;2882;6842|2654;2871;6862|2654;6872;6871|6674;6884;6862|6654;8634;8638|2654;2871;6462|6654;8633;8637|2654;1872;5772|5218;5658;3667|2654;2872;5882
5,9.903500000000001,17.818695,7782;4385;4147
10,9.2015,17.203575,6654;7633;6633
15,8.4515,16.957655,6654;8633;8637
20,8.652999999999999,17.80115,2654;1872;5881