generation,best,average,opening
c_3,8.8|8.7|8.7|8.6|8.4|8.4|8.3|8.2|7.9|6.9,15.194329999999994,8835;1825;5865|8835;3846;5211|8835;2445;2421|8835;1841;7441|8835;3845;3211|8835;4845;3825|8835;2845;1681|8836;1821;7642|8835;1845;1885|8835;1845;7685

0,11.104000000000001,24.771619999999995,8633;8533;8533