generation,best,average,opening
c_24,11.3|11.26|11.26|11.26|11.26|10.6|10.53|9.75|9.32|9.1,18.11,2654;2872;5852|6654;8633;6657|2654;2872;5872|5218;5658;5667|4654;2851;6852|2654;2884;6882|2654;5872;5682|2654;2881;6462|6654;8633;8637|6654;8633;7637
5,9.903500000000001,17.818695,7782;4385;4147
10,9.2015,17.203575,6654;7633;6633
15,8.4515,16.957655,6654;8633;8637
20,8.652999999999999,17.80115,2654;1872;5881