generation,best,average,opening;;;;;;;;;;;;;;;;;;;;
c_31,8.1|8.1|8.0755|8.000499999999999|8.0|7.850499999999999|7.801|7.725|7.7|7.60125|7.5755|7.5755|7.551|7.5|7.35|7.25|7.225|7.175|7.025|6.975,10.927508750000001,6351;2776;2727|6351;2755;1747|6351;2776;2828|6351;2775;2868|6351;2775;1868|6351;4775;3848|6351;2776;2828|6351;2736;2828|6351;2775;1728|6351;2786;2828|6351;2776;2868|6351;2775;1827|6351;2776;1828|6351;2775;1728|6351;2775;2848|6351;2776;2727|6351;2775;1828|6351;6776;2788|6351;6775;2746|6351;2776;2723

5,7.350499999999999,12.4783125,6351;1745;3848
10,7.3,11.642863749999997,6351;2775;1726
15,7.375,11.472062500000002,6351;6776;6787
20,6.975,10.98529000000001,6351;2776;2868
25,7.275,11.213190000000004,6351;2776;2868
30,7.3,11.116542500000003,6351;2776;1828