generation,best,average,opening
c_32,7.5|7.5|7.3|7.3|7.3|7.3|7.3|7.2|6.9|6.1,14.411980000000005,8835;5847;7625|8835;7847;7685|8835;1847;5685|8835;3847;7885|8835;7847;7866|8835;7647;3627|8835;3847;7865|8835;3847;7885|8835;7847;7665|8835;3847;7625

0,11.104000000000001,24.771619999999995,8633;8533;8533
5,7.8,15.67109,8835;3842;3234
10,7.2,15.885019999999997,8845;3628;1213
15,7.1,16.61970000000001,8835;7838;7832
20,6.9,16.7517,8835;7847;7826
25,7.1,16.806520000000006,8835;3847;7811
30,6.5,15.425109999999997,8835;7867;7825