generation,best,average,opening;;;;;;;;;;;;;;;;;;;;
c_30,8.000499999999999|8.0|7.97625|7.9510000000000005|7.801|7.775499999999999|7.775499999999999|7.7005|7.62625|7.6015|7.600499999999999|7.60025|7.5755|7.525|7.5|7.5|7.425|7.375|7.3004999999999995|7.3,11.116542500000003,6351;2776;2888|6351;2775;2848|6351;2775;1728|6351;2776;2728|6351;2776;2868|6351;2786;1824|6351;2775;2746|6351;2775;2868|6351;2775;1728|6351;2732;1813|6351;2775;2768|6351;2775;1728|6351;2775;2728|6351;2736;2828|6351;2776;2826|6351;2776;2727|6351;2776;2868|6351;2776;1828|6351;6775;2746|6351;2776;1828

5,7.350499999999999,12.4783125,6351;1745;3848
10,7.3,11.642863749999997,6351;2775;1726
15,7.375,11.472062500000002,6351;6776;6787
20,6.975,10.98529000000001,6351;2776;2868
25,7.275,11.213190000000004,6351;2776;2868
30,7.3,11.116542500000003,6351;2776;1828