generation,best,average,opening
c_18,13.21|12.95|12.61|11.01|10.8|10.2|10.2|10.01|8.85|8.55,17.96,6654;8633;8637|6654;8637;6538|2654;1623;2513|2654;2881;6852|2654;1643;8537|5218;5658;3667|2652;7645;3536|2654;2881;6862|6654;8633;8637|6654;5633;6533
5,9.903500000000001,17.818695,7782;4385;4147
10,9.2015,17.203575,6654;7633;6633
15,8.4515,16.957655,6654;8633;8637