generation,best,average,opening;;;;;;;;;;;;;;;;;;;;
c_40,7.975|7.9505|7.900499999999999|7.825|7.8004999999999995|7.7|7.6754999999999995|7.675|7.65025|7.6255|7.600499999999999|7.5504999999999995|7.55|7.55|7.475499999999999|7.475|7.325|7.225|7.2|6.675,10.639853749999995,6311;6775;1788|6351;2775;2728|6351;3776;3848|6351;2875;1848|6351;2776;2848|6351;2776;1827|6351;2776;2848|6311;2555;2327|6351;2786;2828|6355;2787;1828|6351;2756;2866|6351;2776;1868|6351;2775;1868|6351;2776;2828|6351;2776;2866|6351;2776;2828|6351;2776;2828|6351;2776;2868|6351;2776;1828|6351;2375;1748

5,7.350499999999999,12.4783125,6351;1745;3848
10,7.3,11.642863749999997,6351;2775;1726
15,7.375,11.472062500000002,6351;6776;6787
20,6.975,10.98529000000001,6351;2776;2868
25,7.275,11.213190000000004,6351;2776;2868
30,7.3,11.116542500000003,6351;2776;1828
35,6.725,11.156136250000001,6351;2776;2828
40,6.675,10.639853749999995,6351;2375;1748