generation,best,average,opening
c_29,8.5|8.1|8.1|8.0|8.0|7.9|7.8|7.8|7.5|6.1,14.571919999999999,8835;7847;7825|8835;7847;3625|8835;7887;7845|8835;3847;7845|8835;7847;3825|8835;7847;7625|8835;7843;3621|8835;7887;7845|8835;7847;7645|8835;7847;7825

0,11.104000000000001,24.771619999999995,8633;8533;8533
5,7.8,15.67109,8835;3842;3234
10,7.2,15.885019999999997,8845;3628;1213
15,7.1,16.61970000000001,8835;7838;7832
20,6.9,16.7517,8835;7847;7826
25,7.1,16.806520000000006,8835;3847;7811