generation,best,average,opening
c_16,8.602|8.6|8.5015|8.451|8.35|8.151|7.95|7.6|7.45|6.9,12.369275000000002,2756;8446;8648|2756;8445;8636|2356;6426;8237|2356;2446;8676|2756;8446;8638|2356;6446;8678|2356;4446;8638|2356;6445;5215|2356;8446;8638|2356;6446;8638

0,10.7585,17.70806,8343;7417;3418
5,7.5,12.234479999999994,2356;6846;6634

10,7.8,12.448145000000006,2356;6428;5858
15,7.6,12.149490000000004,2356;2246;8238