generation,best,average,opening
c_2,11.302|11.3|11.254000000000001|11.253499999999999|11.158499999999998|11.050999999999998|10.902000000000001|10.352|9.5535|8.65,16.80661,1615;5217;1213|2254;6458;6214|1615;1617;5615|2445;6325;1721|7312;7746;5716|3254;3278;3266|3254;3478;1266|3254;3488;1264|3254;3478;1226|3254;7278;7256

0,11.104000000000001,24.771619999999995,8633;8533;8533
5,7.8,15.67109,8835;3842;3234
10,7.2,15.885019999999997,8845;3628;1213
15,7.1,16.61970000000001,8835;7838;7832
20,6.9,16.7517,8835;7847;7826
25,7.1,16.806520000000006,8835;3847;7811
30,6.5,15.425109999999997,8835;7867;7825
35,6.8,15.21524,8835;7845;3665
0,11.3045,26.25875,1615;1617;5615