generation,best,average,opening
c_29,9.003|8.953|8.751|8.652000000000001|8.651|8.604|8.452|8.401|8.3525|7.9510000000000005,13.22856,2756;6446;8638|2756;6446;8638|2756;6446;8616|2756;8445;8656|2556;6346;8538|2756;8445;8816|2756;6425;8226|2756;8445;8616|2356;6445;6638|2756;8445;8616

0,10.7585,17.70806,8343;7417;3418
5,7.5,12.234479999999994,2356;6846;6634

10,7.8,12.448145000000006,2356;6428;5858
15,7.6,12.149490000000004,2356;2246;8238
20,6.6,13.816614999999995,2756;8446;8638
25,6.35,13.794554999999994,2756;8446;8638