generation,best,average,opening;;;;;;;;;;;;;;;;;;;;
c_27,7.85|7.8|7.776|7.726|7.725499999999999|7.7010000000000005|7.7005|7.7|7.6754999999999995|7.6255|7.5504999999999995|7.55|7.525|7.475|7.475|7.4505|7.25|7.225|7.1255|6.775,10.971451250000005,6351;2776;2868|6351;2775;2828|6351;2776;2828|6351;2786;1828|6351;2736;2828|6351;2776;2825|6351;2775;2867|6351;2775;2828|6351;2775;2828|6351;2786;1828|6351;2775;2728|6351;2776;2866|6351;2716;1727|6351;2776;2828|6351;6776;2888|6351;2776;2828|6351;2776;2828|6351;2776;2827|6351;2776;2828|6351;2755;2847

5,7.350499999999999,12.4783125,6351;1745;3848
10,7.3,11.642863749999997,6351;2775;1726
15,7.375,11.472062500000002,6351;6776;6787
20,6.975,10.98529000000001,6351;2776;2868
25,7.275,11.213190000000004,6351;2776;2868