generation,best,average,opening
c_34,8.001|7.952000000000001|7.9510000000000005|7.900499999999999|7.751|7.5515|7.4|7.301|7.301|6.9,12.891939999999995,2756;6445;8616|2556;8446;8656|2756;8445;8616|2756;6446;8638|2756;8445;8616|2556;6446;8216|2756;8445;8616|2756;8445;8616|2756;8445;8616|2756;6445;8216

0,10.7585,17.70806,8343;7417;3418
5,7.5,12.234479999999994,2356;6846;6634

10,7.8,12.448145000000006,2356;6428;5858
15,7.6,12.149490000000004,2356;2246;8238
20,6.6,13.816614999999995,2756;8446;8638
25,6.35,13.794554999999994,2756;8446;8638
30,7.2,13.492975000000008,2756;6446;8838