generation,best,average,opening
c_14,8.702|8.7005|8.301|8.002|8.0|7.5|7.35|6.95|6.8|6.4,12.171209999999999,2756;4446;8238|2356;6446;8638|2756;8446;8648|2316;6235;1516|2356;6445;5217|2356;2446;8278|2356;6446;8638|2356;2446;8236|2356;2446;8236|2356;6246;8638

0,10.7585,17.70806,8343;7417;3418
5,7.5,12.234479999999994,2356;6846;6634

10,7.8,12.448145000000006,2356;6428;5858