generation,best,average,opening;;;;;;;;;;;;;;;;;;;;
c_17,8.3|8.2755|8.22675|8.2255|8.225|8.225|8.200750000000001|8.151|8.075750000000001|8.0755|7.9765|7.975499999999999|7.925|7.8765|7.775|7.75125|7.725|7.600499999999999|7.525499999999999|7.425,11.23252125,6351;2775;4748|6351;6786;2748|6351;6776;2748|6351;5775;6888|6351;2785;1728|6351;5786;5788|6351;2776;2828|6351;6776;2748|6351;2735;2746|6751;6736;2734|6351;2775;2724|6351;2776;2861|6351;2775;1723|6351;2786;2828|6351;6776;2748|6351;2775;1728|6351;2775;2725|6351;2776;2863|6351;2775;1786|6351;2776;2822

5,7.350499999999999,12.4783125,6351;1745;3848
10,7.3,11.642863749999997,6351;2775;1726
15,7.375,11.472062500000002,6351;6776;6787