generation,best,average,opening
c_2,13.03|12.31|11.35|11.08|10.9|10.55|10.51|10.45|10.05|9.65,16.19,4758;4558;2156|5453;1473;5431|4781;3777;8751|5282;4234;3872|5168;3856;4254|2656;4611;8211|7118;7538;7576|2671;4616;8646|7788;7362;5786|2514;3738;7444
5,9.903500000000001,17.818695,7782;4385;4147
10,9.2015,17.203575,6654;7633;6633
15,8.4515,16.957655,6654;8633;8637
20,8.652999999999999,17.80115,2654;1872;5881
25,10.204,18.129135,2654;1872;5672
30,9.2005,18.233975,6654;8634;7637
35,8.85,18.421185,4854;8434;8832