generation,best,average,opening
c_19,12.41|12.05|12.01|11.7|11.6|11.46|11.26|10.41|9.45|8.65,17.73,2654;1647;8537|2672;6872;6671|5218;5658;3667|6652;7574;6551|6654;5633;6633|6654;8633;8637|2654;2881;6852|2652;7645;3536|2654;2882;6862|6654;8633;8637
5,9.903500000000001,17.818695,7782;4385;4147
10,9.2015,17.203575,6654;7633;6633
15,8.4515,16.957655,6654;8633;8637