generation,best,average,opening
c_9,10.35|10.15|9.95|9.9|9.4|9.36|9.35|9.3|8.1|7.55,14.97,2656;3571;5181|2656;3231;5431|2616;4635;8531|2858;3676;1245|2656;3271;5241|2656;5231;4488|2656;4571;6145|2656;3542;3284|2656;3641;3242|2658;3611;6171
5,9.903500000000001,17.818695,7782;4385;4147
10,9.2015,17.203575,6654;7633;6633
15,8.4515,16.957655,6654;8633;8637
20,8.652999999999999,17.80115,2654;1872;5881
25,10.204,18.129135,2654;1872;5672
30,9.2005,18.233975,6654;8634;7637
35,8.85,18.421185,4854;8434;8832
5,8.705,15.830284999999998,2656;3631;5241