generation,best,average,opening
c_3,11.25|11.2|11.1|10.95|10.75|10.2|9.96|9.65|9.6|8.4,15.66,5682;4174;4483|2616;4815;4615|7118;7538;3572|2514;3738;7444|7118;7178;7174|4781;7884;5873|5168;3776;4874|4858;4474;3713|2656;4611;8211|2656;3531;6445
5,9.903500000000001,17.818695,7782;4385;4147
10,9.2015,17.203575,6654;7633;6633
15,8.4515,16.957655,6654;8633;8637
20,8.652999999999999,17.80115,2654;1872;5881
25,10.204,18.129135,2654;1872;5672
30,9.2005,18.233975,6654;8634;7637
35,8.85,18.421185,4854;8434;8832