generation,best,average,opening
c_9,12.41|12.41|12.41|12.16|11.86|11.51|11.06|10.96|10.96|9.7,17.22,6664;6843;8848|2654;1637;6638|2653;1642;3711|5218;1258;1658|7782;8386;4147|3752;4333;8372|6654;7633;6631|3752;8234;8246|2612;1637;7676|2652;3673;1684
5,9.903500000000001,17.818695,7782;4385;4147