generation,best,average,opening;;;;;;;;;;;;;;;;;;;;
c_24,8.2275|8.226|8.201|8.200750000000001|8.15|8.025|8.025|7.951499999999999|7.8255|7.675|7.650499999999999|7.650499999999999|7.62625|7.575|7.575|7.551|7.525|7.475|7.400499999999999|6.8,11.0462725,6351;2776;1828|6351;2738;2827|6351;2775;1828|6351;2786;1828|6351;2738;1827|6351;2738;2868|6351;2775;2828|6351;2776;2826|6351;2786;1823|6351;2738;2828|6351;2776;2828|6351;2775;1828|6351;2786;1828|6351;2776;2868|6351;2776;2868|6351;2776;2828|6351;2778;2847|6751;2776;2826|6351;2776;2828|6351;6875;5848

5,7.350499999999999,12.4783125,6351;1745;3848
10,7.3,11.642863749999997,6351;2775;1726
15,7.375,11.472062500000002,6351;6776;6787
20,6.975,10.98529000000001,6351;2776;2868