generation,best,average,opening
c_8,9.25|9.25|9.1|8.75|8.7|8.7|8.6|8.5|8.4|7.65,15.28,2656;7642;3244|2616;4231;4647|2658;3611;6171|2656;7631;6242|2656;3631;5241|2656;3231;5445|2656;4571;5145|2858;3676;5245|2616;4535;8133|2656;3571;5181
5,9.903500000000001,17.818695,7782;4385;4147
10,9.2015,17.203575,6654;7633;6633
15,8.4515,16.957655,6654;8633;8637
20,8.652999999999999,17.80115,2654;1872;5881
25,10.204,18.129135,2654;1872;5672
30,9.2005,18.233975,6654;8634;7637
35,8.85,18.421185,4854;8434;8832
5,8.705,15.830284999999998,2656;3631;5241