generation,best,average,opening;;;;;;;;;;;;;;;;;;;;
c_7,8.7765|8.75175|8.72625|8.676499999999999|8.625499999999999|8.575|8.50375|8.429|8.4025|8.4015|8.37675|8.276|8.275|8.2515|8.251|8.22625|8.025|7.875|7.826499999999999|7.525499999999999,11.378655000000006,6351;2755;2826|6351;6886;6746|6751;8746;6861|6371;5716;1756|6351;2886;4748|6351;2786;2742|4321;2365;8465|6351;5886;1842|6371;5726;1464|6751;5728;1461|6351;6786;2746|6351;2776;2823|6371;5726;1464|6351;6786;2726|6353;6787;2744|6351;6886;2846|2351;3756;1868|6351;6886;2744|6351;6886;2748|6351;6786;2726

5,7.350499999999999,12.4783125,6351;1745;3848