generation,best,average,opening;;;;;;;;;;;;;;;;;;;;
c_49,7.8|7.775499999999999|7.7505|7.7505|7.70175|7.7|7.7|7.6754999999999995|7.650499999999999|7.6|7.550750000000001|7.52525|7.475|7.45|7.375|7.3255|7.275|7.225|7.2005|6.8,11.047175000000008,6355;1786;2848|6355;2775;4846|6355;2785;4848|6315;2775;4747|6355;2776;2848|6351;2776;2828|6355;2876;2848|6351;2775;2846|6355;2776;2848|6355;1775;2848|6351;2776;2866|6355;2775;2848|6355;2775;4848|6355;1775;2848|6355;2776;2846|6351;2776;2846|6355;2875;4446|6311;2575;2824|6351;2775;1846|6351;2776;2848

5,7.350499999999999,12.4783125,6351;1745;3848
10,7.3,11.642863749999997,6351;2775;1726
15,7.375,11.472062500000002,6351;6776;6787
20,6.975,10.98529000000001,6351;2776;2868
25,7.275,11.213190000000004,6351;2776;2868
30,7.3,11.116542500000003,6351;2776;1828
35,6.725,11.156136250000001,6351;2776;2828
40,6.675,10.639853749999995,6351;2375;1748
45,6.725,11.4149825,6355;2775;2846