generation,best,average,opening
c_15,9.8|9.7|9.7|9.65|9.4|9.2|8.55|8.05|7.85|7.7,14.24,2656;5145;5741|2656;4571;6145|2656;7171;5141|2656;3132;1311|2656;1235;3135|2656;1235;1135|2656;3535;1541|2656;3532;3131|2656;1271;1335|2656;3231;1431
5,9.903500000000001,17.818695,7782;4385;4147
10,9.2015,17.203575,6654;7633;6633
15,8.4515,16.957655,6654;8633;8637
20,8.652999999999999,17.80115,2654;1872;5881
25,10.204,18.129135,2654;1872;5672
30,9.2005,18.233975,6654;8634;7637
35,8.85,18.421185,4854;8434;8832
5,8.705,15.830284999999998,2656;3631;5241
10,7.3,14.791445,2858;3676;5245