generation,best,average,opening
c_12,11.96|11.87|11.71|11.61|10.55|10.31|10.25|9.95|9.9|9.2,17.23,2654;1833;1734|8882;8485;4387|2853;5483;5673|5218;5658;7667|7782;4185;4141|6654;5633;6533|2654;1637;6638|2612;6637;7746|2654;3643;4537|2654;2834;6734
5,9.903500000000001,17.818695,7782;4385;4147
10,9.2015,17.203575,6654;7633;6633