generation,best,average,opening;;;;;;;;;;;;;;;;;;;;
c_42,7.8|7.775499999999999|7.75|7.725750000000001|7.7005|7.7|7.676|7.675|7.625|7.5760000000000005|7.55|7.525499999999999|7.525|7.525|7.475|7.45|7.45|7.275|7.175|7.075,10.574629999999997,6311;6775;2788|6351;1375;2748|6351;2776;2848|6351;2777;1867|6351;2776;2866|6351;2876;1847|6351;1775;1848|6351;2775;1827|6351;2775;1848|6355;2787;1868|6351;2775;1828|6351;2755;2867|6351;2775;2828|6351;2775;1828|6351;6775;1888|6351;2775;2848|6355;2787;2828|6351;2775;2868|6351;2775;1828|6351;2775;1828

5,7.350499999999999,12.4783125,6351;1745;3848
10,7.3,11.642863749999997,6351;2775;1726
15,7.375,11.472062500000002,6351;6776;6787
20,6.975,10.98529000000001,6351;2776;2868
25,7.275,11.213190000000004,6351;2776;2868
30,7.3,11.116542500000003,6351;2776;1828
35,6.725,11.156136250000001,6351;2776;2828
40,6.675,10.639853749999995,6351;2375;1748