generation,best,average,opening
c_35,7.8|7.7|7.5|7.5|7.4|7.4|7.2|7.2|7.2|6.8,15.21524,8835;7447;7665|8835;7847;7865|8835;7847;3685|8835;7847;3685|8835;7847;5625|8835;7847;5625|8835;7847;7665|8835;7847;5665|8835;5887;7625|8835;7845;3665

0,11.104000000000001,24.771619999999995,8633;8533;8533
5,7.8,15.67109,8835;3842;3234
10,7.2,15.885019999999997,8845;3628;1213
15,7.1,16.61970000000001,8835;7838;7832
20,6.9,16.7517,8835;7847;7826
25,7.1,16.806520000000006,8835;3847;7811
30,6.5,15.425109999999997,8835;7867;7825