generation,best,average,opening
c_33,8.651|8.601|8.401|8.352|8.301|8.201|7.801|7.4|7.2|6.75,13.541370000000002,2756;8446;8218|4756;8446;7628|2756;6445;8216|2756;6245;8616|2756;8445;8616|2756;6446;8638|2756;8445;8616|2756;6446;8616|2756;8445;8616|2756;8445;8616

0,10.7585,17.70806,8343;7417;3418
5,7.5,12.234479999999994,2356;6846;6634

10,7.8,12.448145000000006,2356;6428;5858
15,7.6,12.149490000000004,2356;2246;8238
20,6.6,13.816614999999995,2756;8446;8638
25,6.35,13.794554999999994,2756;8446;8638
30,7.2,13.492975000000008,2756;6446;8838