generation,best,average,opening;;;;;;;;;;;;;;;;;;;;
c_22,8.051|8.0265|8.002|8.000499999999999|7.975499999999999|7.8755|7.850499999999999|7.82575|7.775499999999999|7.775|7.7005|7.7|7.626|7.626|7.6|7.400499999999999|7.3755|7.350750000000001|7.35|7.2,10.63766125,6351;2776;2826|6351;2735;2825|6351;2736;2724|6351;2778;2847|6351;2775;2721|6351;2776;2826|6351;2786;1828|6351;2736;2728|6351;2776;2828|6351;2786;1828|6351;2776;2825|6351;2736;2728|6351;2776;1828|6351;2775;2828|6351;2775;2818|6351;2736;1728|6351;2776;2828|6351;2738;2827|6351;2776;2868|6351;2775;1728

5,7.350499999999999,12.4783125,6351;1745;3848
10,7.3,11.642863749999997,6351;2775;1726
15,7.375,11.472062500000002,6351;6776;6787
20,6.975,10.98529000000001,6351;2776;2868