generation,best,average,opening;;;;;;;;;;;;;;;;;;;;
c_32,8.1505|8.1505|8.026|8.001|7.976|7.9270000000000005|7.925750000000001|7.925|7.9|7.82525|7.7005|7.6255|7.5760000000000005|7.5515|7.55|7.5005|7.475499999999999|7.375|7.025|6.625,11.40445125,6351;2775;1828|6351;2776;2828|6351;2776;2723|6351;2776;2727|6351;6776;2788|6351;2776;1828|6351;2776;1828|6351;2778;2847|6351;2736;2828|6351;6776;2846|6351;2775;1828|6351;2776;2827|6351;2775;2868|6351;2776;1828|6351;2776;1827|6351;2776;2868|6351;2776;1828|6351;2786;1828|6351;2776;1823|6351;2775;1728

5,7.350499999999999,12.4783125,6351;1745;3848
10,7.3,11.642863749999997,6351;2775;1726
15,7.375,11.472062500000002,6351;6776;6787
20,6.975,10.98529000000001,6351;2776;2868
25,7.275,11.213190000000004,6351;2776;2868
30,7.3,11.116542500000003,6351;2776;1828