generation,best,average,opening
c_4,10.7|10.36|10.0|10.0|9.91|9.85|9.3|9.26|8.9|8.15,15.01,7118;7538;7576|7554;7724;5324|2616;4755;4656|7118;3538;3538|2636;4615;4665|7118;7518;8758|2616;4231;4243|2656;7631;6242|7118;7578;7574|2656;3511;6841
5,9.903500000000001,17.818695,7782;4385;4147
10,9.2015,17.203575,6654;7633;6633
15,8.4515,16.957655,6654;8633;8637
20,8.652999999999999,17.80115,2654;1872;5881
25,10.204,18.129135,2654;1872;5672
30,9.2005,18.233975,6654;8634;7637
35,8.85,18.421185,4854;8434;8832