generation,best,average,opening
c_26,12.11|11.75|11.7|11.6|11.47|10.86|10.55|10.4|10.15|9.65,18.6,2674;6884;6852|2654;6872;6852|2654;6872;5882|6654;8633;7637|2654;1872;5672|6654;8633;8657|2674;1882;6881|6653;8633;5237|2674;1872;5881|2654;1871;5461
5,9.903500000000001,17.818695,7782;4385;4147
10,9.2015,17.203575,6654;7633;6633
15,8.4515,16.957655,6654;8633;8637
20,8.652999999999999,17.80115,2654;1872;5881
25,10.204,18.129135,2654;1872;5672