generation,best,average,opening
c_3,12.666666666666668,19.849000000000004,8338;4714;4312

0,18.343333333333334,25.13266666666667,2141;4221;8122