generation,best,average,opening;;;;;;;;;;;;;;;;;;;;
c_1,13.89075|13.73725|13.41375|13.34275|13.26075|13.1555|12.913|12.90475|12.86375|12.559000000000001|12.4485|12.237|12.23625|12.033499999999998|11.955|11.8575|11.80675|11.806500000000002|11.305|10.302750000000001,17.441538749999996,7862;7368;5768|8784;1777;5778|6284;7123;5123|6544;4734;8734|3413;3414;1814|5815;6756;5343|2477;1473;1473|2552;6643;6884|1852;6756;8776|1363;2373;2773|7354;8182;7172|5875;5278;1276|7484;7448;7448|7361;7362;7762|2313;2314;2314|2657;7648;5838|2273;2277;4277|1432;2472;1411|3526;4126;4126|5348;6187;6285
