generation,best,average,opening
c_34,11.7|11.55|11.26|11.21|11.06|10.9|10.66|10.5|9.85|9.8,18.08,6653;8633;6237|6653;8634;8234|6653;8633;5237|8653;8233;7237|4854;8434;8832|5654;6633;8517|6653;8634;7437|6654;8634;7637|6654;6637;8517|6653;8634;7233
5,9.903500000000001,17.818695,7782;4385;4147
10,9.2015,17.203575,6654;7633;6633
15,8.4515,16.957655,6654;8633;8637
20,8.652999999999999,17.80115,2654;1872;5881
25,10.204,18.129135,2654;1872;5672
30,9.2005,18.233975,6654;8634;7637