generation,best,average,opening
c_47,8.253|8.051|8.0|7.9510000000000005|7.85|7.65|7.55|6.7|6.65|6.25,13.759134999999999,2756;6445;8638|2766;6235;5645|2756;6445;8638|2756;6245;5647|2756;6445;8615|2756;6445;8818|2756;6445;8618|2756;6445;8616|2756;6445;8618|2756;6445;8638

0,10.7585,17.70806,8343;7417;3418
5,7.5,12.234479999999994,2356;6846;6634

10,7.8,12.448145000000006,2356;6428;5858
15,7.6,12.149490000000004,2356;2246;8238
20,6.6,13.816614999999995,2756;8446;8638
25,6.35,13.794554999999994,2756;8446;8638
30,7.2,13.492975000000008,2756;6446;8838
35,7.45,14.606745,2756;6446;8838
40,7.45,13.551005,2756;6445;8636
45,6.7,14.353065,2756;6445;8818