generation,best,average,opening;;;;;;;;;;;;;;;;;;;;
c_15,8.175|8.0755|8.0755|8.05175|8.0505|8.025|8.025|8.00025|7.87575|7.8755|7.776|7.775499999999999|7.7010000000000005|7.676|7.65|7.626|7.57575|7.45|7.3755|7.375,11.472062500000002,6351;6776;2748|6351;2738;2723|6351;5776;6788|6351;6775;6786|6351;6876;2748|6371;2746;1723|6351;2776;2826|6351;5776;6736|6351;2775;2726|6351;2776;2863|6351;2775;2726|6351;6776;2748|6351;2775;1746|6351;2775;1728|6351;2775;1726|6351;2775;1728|6351;2776;2864|6351;6776;2748|6351;6776;2748|6351;6776;6787

5,7.350499999999999,12.4783125,6351;1745;3848
10,7.3,11.642863749999997,6351;2775;1726
15,7.375,11.472062500000002,6351;6776;6787