generation,best,average,opening
c_8,9.205499999999999|9.202|8.901|8.9|8.8535|8.801|8.552999999999999|8.4|8.1|6.8,12.672600000000005,6356;6448;5878|2356;2416;1218|2356;6446;6838|2356;6446;6648|2356;6446;6218|2356;6246;8218|6356;6438;6818|2356;6446;6877|2316;6247;6616|2356;6446;8638

0,10.7585,17.70806,8343;7417;3418
5,7.5,12.234479999999994,2356;6846;6634
