generation,best,average,opening;;;;;;;;;;;;;;;;;;;;
c_29,7.850499999999999|7.8255|7.8|7.8|7.7010000000000005|7.600499999999999|7.600499999999999|7.5755|7.475|7.325|7.3|7.275|7.25|7.225750000000001|7.225750000000001|7.100499999999999|7.1|7.05|7.0015|6.7,11.079351250000004,6351;2736;2828|6351;2775;1828|6451;2732;2857|6351;2775;1828|6351;2736;1827|6351;2775;2726|6451;2732;2818|6351;2776;2868|6351;2776;2828|6351;2775;2828|6351;2775;1828|6351;2776;2861|6351;6775;2746|6351;2786;1828|6351;2736;2728|6151;2775;2788|6351;2775;1728|6351;2776;2728|6351;2776;2828|6351;2776;2828

5,7.350499999999999,12.4783125,6351;1745;3848
10,7.3,11.642863749999997,6351;2775;1726
15,7.375,11.472062500000002,6351;6776;6787
20,6.975,10.98529000000001,6351;2776;2868
25,7.275,11.213190000000004,6351;2776;2868