generation,best,average,opening
c_20,8.702|8.6515|8.601|8.352|8.351|8.302|7.55|7.501|7.25|6.6,13.816614999999995,2776;8635;6648|2756;8245;7638|2756;8446;8638|2756;6446;8616|2756;8245;4637|2756;8446;8638|2556;4445;8215|2756;8446;8638|2756;8446;8638|2756;8446;8638

0,10.7585,17.70806,8343;7417;3418
5,7.5,12.234479999999994,2356;6846;6634

10,7.8,12.448145000000006,2356;6428;5858
15,7.6,12.149490000000004,2356;2246;8238