generation,best,average,opening
c_8,12.97|12.51|12.42|11.71|11.51|10.65|10.55|10.2|9.85|9.75,17.69,2654;6643;6147|6654;7633;6633|7782;4385;4147|2652;3673;1684|3752;8234;8246|5218;5658;7667|3752;4733;8376|2653;5642;3712|2654;1633;2635|2612;8637;8745
5,9.903500000000001,17.818695,7782;4385;4147