generation,best,average,opening
c_23,11.81|11.7|11.56|11.11|10.51|10.45|10.41|10.4|10.35|10.26,18.25,2654;1778;5778|6654;8633;8637|2654;2872;6842|2654;1872;5671|2654;6871;6851|6654;8634;7637|2654;1872;5672|2654;1872;5881|2654;2881;6862|5218;5658;7667
5,9.903500000000001,17.818695,7782;4385;4147
10,9.2015,17.203575,6654;7633;6633
15,8.4515,16.957655,6654;8633;8637
20,8.652999999999999,17.80115,2654;1872;5881