generation,best,average,opening
c_6,9.802999999999999|9.602|9.002|8.802|8.4|8.3|8.0|7.2|7.2|7.2,16.293090000000003,8835;2445;5447|8835;4845;3615|8835;3845;7215|8835;1445;7461|8835;3847;7811|8835;3845;3451|8835;1845;5481|8835;3845;4411|8835;3848;7228|8835;3845;5217

0,11.104000000000001,24.771619999999995,8633;8533;8533
5,7.8,15.67109,8835;3842;3234