generation,best,average,opening
c_20,8.4|8.0|7.8|7.8|7.6|7.4|7.4|7.4|7.4|6.9,16.7517,8835;4847;7648|8835;3847;7811|8835;3847;3615|8835;3847;7645|8835;7817;7711|8835;3843;7841|8835;3847;3446|8835;7843;3841|8835;3877;7845|8835;7847;7826

0,11.104000000000001,24.771619999999995,8633;8533;8533
5,7.8,15.67109,8835;3842;3234
10,7.2,15.885019999999997,8845;3628;1213
15,7.1,16.61970000000001,8835;7838;7832