generation,best,average,opening
c_28,11.66|11.51|11.45|10.9|10.7|10.51|9.95|9.71|9.55|9.5,18.45,6853;8834;8833|2674;1882;6881|6654;8634;7637|4654;8234;6632|6653;8833;5437|6654;8633;6657|6653;8634;7234|2674;6872;6872|2654;5772;5572|2654;5772;5572
5,9.903500000000001,17.818695,7782;4385;4147
10,9.2015,17.203575,6654;7633;6633
15,8.4515,16.957655,6654;8633;8637
20,8.652999999999999,17.80115,2654;1872;5881
25,10.204,18.129135,2654;1872;5672