generation,best,average,opening
c_9,9.0|8.9|8.7|8.6|8.2|8.1|7.8|7.7|7.1|6.1,16.213630000000002,8835;1845;7855|8735;3885;3485|8835;3485;7255|8835;3485;3255|8845;3622;1214|8845;3836;3837|8835;3845;7615|8835;3843;7481|8835;7841;3241|8835;3447;3651

0,11.104000000000001,24.771619999999995,8633;8533;8533
5,7.8,15.67109,8835;3842;3234